Timestamp,Request
06.11.2015 00:00:00,148
06.11.2015 00:05:00,156
06.11.2015 00:10:00,146
06.11.2015 00:15:00,277
06.11.2015 00:20:00,138
06.11.2015 00:25:00,163
06.11.2015 00:30:00,146
06.11.2015 00:35:00,151
06.11.2015 00:40:00,146
06.11.2015 00:45:00,154
06.11.2015 00:50:00,145
06.11.2015 00:55:00,149
06.11.2015 01:00:00,147
06.11.2015 01:05:00,154
06.11.2015 01:10:00,147
06.11.2015 01:15:00,147
06.11.2015 01:20:00,140
06.11.2015 01:25:00,149
06.11.2015 01:30:00,132
06.11.2015 01:35:00,133
06.11.2015 01:40:00,133
06.11.2015 01:45:00,152
06.11.2015 01:50:00,146
06.11.2015 01:55:00,146
06.11.2015 02:00:00,147
06.11.2015 02:05:00,148
06.11.2015 02:10:00,149
06.11.2015 02:15:00,150
06.11.2015 02:20:00,138
06.11.2015 02:25:00,162
06.11.2015 02:30:00,147
06.11.2015 02:35:00,147
06.11.2015 02:40:00,147
06.11.2015 02:45:00,147
06.11.2015 02:50:00,147
06.11.2015 02:55:00,147
06.11.2015 03:00:00,145
06.11.2015 03:05:00,143
06.11.2015 03:10:00,147
06.11.2015 03:15:00,157
06.11.2015 03:20:00,138
06.11.2015 03:25:00,165
06.11.2015 03:30:00,147
06.11.2015 03:35:00,154
06.11.2015 03:40:00,147
06.11.2015 03:45:00,153
06.11.2015 03:50:00,148
06.11.2015 03:55:00,147
06.11.2015 04:00:00,146
06.11.2015 04:05:00,172
06.11.2015 04:10:00,161
06.11.2015 04:15:00,147
06.11.2015 04:20:00,136
06.11.2015 04:25:00,165
06.11.2015 04:30:00,147
06.11.2015 04:35:00,147
06.11.2015 04:40:00,147
06.11.2015 04:45:00,148
06.11.2015 04:50:00,148
06.11.2015 04:55:00,156
06.11.2015 05:00:00,147
06.11.2015 05:05:00,157
06.11.2015 05:10:00,148
06.11.2015 05:15:00,153
06.11.2015 05:20:00,143
06.11.2015 05:25:00,157
06.11.2015 05:30:00,149
06.11.2015 05:35:00,148
06.11.2015 05:40:00,149
06.11.2015 05:45:00,159
06.11.2015 05:50:00,150
06.11.2015 05:55:00,148
06.11.2015 06:00:00,148
06.11.2015 06:05:00,149
06.11.2015 06:10:00,148
06.11.2015 06:15:00,150
06.11.2015 06:20:00,143
06.11.2015 06:25:00,159
06.11.2015 06:30:00,151
06.11.2015 06:35:00,160
06.11.2015 06:40:00,149
06.11.2015 06:45:00,165
06.11.2015 06:50:00,150
06.11.2015 06:55:00,151
06.11.2015 07:00:00,151
06.11.2015 07:05:00,158
06.11.2015 07:10:00,229
06.11.2015 07:15:00,184
06.11.2015 07:20:00,154
06.11.2015 07:25:00,159
06.11.2015 07:30:00,149
06.11.2015 07:35:00,188
06.11.2015 07:40:00,187
06.11.2015 07:45:00,224
06.11.2015 07:50:00,200
06.11.2015 07:55:00,190
06.11.2015 08:00:00,200
06.11.2015 08:05:00,193
06.11.2015 08:10:00,228
06.11.2015 08:15:00,185
06.11.2015 08:20:00,173
06.11.2015 08:25:00,213
06.11.2015 08:30:00,199
06.11.2015 08:35:00,187
06.11.2015 08:40:00,189
06.11.2015 08:45:00,232
06.11.2015 08:50:00,158
06.11.2015 08:55:00,233
06.11.2015 09:00:00,176
06.11.2015 09:05:00,250
06.11.2015 09:10:00,266
06.11.2015 09:15:00,197
06.11.2015 09:20:00,201
06.11.2015 09:25:00,170
06.11.2015 09:30:00,150
06.11.2015 09:35:00,154
06.11.2015 09:40:00,138
06.11.2015 09:45:00,144
06.11.2015 09:50:00,147
06.11.2015 09:55:00,145
06.11.2015 10:00:00,156
06.11.2015 10:05:00,146
06.11.2015 10:10:00,198
06.11.2015 10:15:00,224
06.11.2015 10:20:00,226
06.11.2015 10:25:00,261
06.11.2015 10:30:00,310
06.11.2015 10:35:00,232
06.11.2015 10:40:00,231
06.11.2015 10:45:00,327
06.11.2015 10:50:00,316
06.11.2015 10:55:00,199
06.11.2015 11:00:00,154
06.11.2015 11:05:00,265
06.11.2015 11:10:00,229
06.11.2015 11:15:00,179
06.11.2015 11:20:00,202
06.11.2015 11:25:00,207
06.11.2015 11:30:00,164
06.11.2015 11:35:00,155
06.11.2015 11:40:00,174
06.11.2015 11:45:00,251
06.11.2015 11:50:00,194
06.11.2015 11:55:00,149
06.11.2015 12:00:00,164
06.11.2015 12:05:00,175
06.11.2015 12:10:00,217
06.11.2015 12:15:00,151
06.11.2015 12:20:00,173
06.11.2015 12:25:00,273
06.11.2015 12:30:00,200
06.11.2015 12:35:00,153
06.11.2015 12:40:00,167
06.11.2015 12:45:00,192
06.11.2015 12:50:00,171
06.11.2015 12:55:00,212
06.11.2015 13:00:00,198
06.11.2015 13:05:00,173
06.11.2015 13:10:00,212
06.11.2015 13:15:00,160
06.11.2015 13:20:00,167
06.11.2015 13:25:00,157
06.11.2015 13:30:00,148
06.11.2015 13:35:00,154
06.11.2015 13:40:00,146
06.11.2015 13:45:00,153
06.11.2015 13:50:00,147
06.11.2015 13:55:00,209
06.11.2015 14:00:00,158
06.11.2015 14:05:00,150
06.11.2015 14:10:00,191
06.11.2015 14:15:00,155
06.11.2015 14:20:00,148
06.11.2015 14:25:00,170
06.11.2015 14:30:00,147
06.11.2015 14:35:00,152
06.11.2015 14:40:00,176
06.11.2015 14:45:00,217
06.11.2015 14:50:00,261
06.11.2015 14:55:00,214
06.11.2015 15:00:00,198
06.11.2015 15:05:00,165
06.11.2015 15:10:00,215
06.11.2015 15:15:00,167
06.11.2015 15:20:00,151
06.11.2015 15:25:00,199
06.11.2015 15:30:00,211
06.11.2015 15:35:00,159
06.11.2015 15:40:00,156
06.11.2015 15:45:00,166
06.11.2015 15:50:00,163
06.11.2015 15:55:00,161
06.11.2015 16:00:00,153
06.11.2015 16:05:00,148
06.11.2015 16:10:00,165
06.11.2015 16:15:00,158
06.11.2015 16:20:00,164
06.11.2015 16:25:00,203
06.11.2015 16:30:00,167
06.11.2015 16:35:00,162
06.11.2015 16:40:00,156
06.11.2015 16:45:00,193
06.11.2015 16:50:00,182
06.11.2015 16:55:00,182
06.11.2015 17:00:00,155
06.11.2015 17:05:00,154
06.11.2015 17:10:00,153
06.11.2015 17:15:00,150
06.11.2015 17:20:00,150
06.11.2015 17:25:00,159
06.11.2015 17:30:00,148
06.11.2015 17:35:00,148
06.11.2015 17:40:00,155
06.11.2015 17:45:00,175
06.11.2015 17:50:00,206
06.11.2015 17:55:00,164
06.11.2015 18:00:00,150
06.11.2015 18:05:00,151
06.11.2015 18:10:00,167
06.11.2015 18:15:00,149
06.11.2015 18:20:00,150
06.11.2015 18:25:00,159
06.11.2015 18:30:00,167
06.11.2015 18:35:00,159
06.11.2015 18:40:00,151
06.11.2015 18:45:00,149
06.11.2015 18:50:00,151
06.11.2015 18:55:00,150
06.11.2015 19:00:00,151
06.11.2015 19:05:00,183
06.11.2015 19:10:00,150
06.11.2015 19:15:00,149
06.11.2015 19:20:00,151
06.11.2015 19:25:00,163
06.11.2015 19:30:00,152
06.11.2015 19:35:00,158
06.11.2015 19:40:00,150
06.11.2015 19:45:00,150
06.11.2015 19:50:00,150
06.11.2015 19:55:00,157
06.11.2015 20:00:00,150
06.11.2015 20:05:00,162
06.11.2015 20:10:00,149
06.11.2015 20:15:00,158
06.11.2015 20:20:00,150
06.11.2015 20:25:00,167
06.11.2015 20:30:00,178
06.11.2015 20:35:00,154
06.11.2015 20:40:00,149
06.11.2015 20:45:00,149
06.11.2015 20:50:00,184
06.11.2015 20:55:00,183
06.11.2015 21:00:00,162
06.11.2015 21:05:00,149
06.11.2015 21:10:00,149
06.11.2015 21:15:00,173
06.11.2015 21:20:00,149
06.11.2015 21:25:00,159
06.11.2015 21:30:00,149
06.11.2015 21:35:00,151
06.11.2015 21:40:00,156
06.11.2015 21:45:00,152
06.11.2015 21:50:00,156
06.11.2015 21:55:00,150
06.11.2015 22:00:00,157
06.11.2015 22:05:00,157
06.11.2015 22:10:00,164
06.11.2015 22:15:00,150
06.11.2015 22:20:00,152
06.11.2015 22:25:00,158
06.11.2015 22:30:00,147
06.11.2015 22:35:00,154
06.11.2015 22:40:00,150
06.11.2015 22:45:00,149
06.11.2015 22:50:00,168
06.11.2015 22:55:00,150
06.11.2015 23:00:00,150
06.11.2015 23:05:00,158
06.11.2015 23:10:00,149
06.11.2015 23:15:00,180
06.11.2015 23:20:00,157
06.11.2015 23:25:00,154
06.11.2015 23:30:00,145
06.11.2015 23:35:00,148
06.11.2015 23:40:00,148
06.11.2015 23:45:00,190
06.11.2015 23:50:00,147
06.11.2015 23:55:00,154
07.11.2015 00:00:00,149
07.11.2015 00:05:00,147
07.11.2015 00:10:00,165
07.11.2015 00:15:00,162
07.11.2015 00:20:00,148
07.11.2015 00:25:00,231
07.11.2015 00:30:00,237
07.11.2015 00:35:00,318
07.11.2015 00:40:00,230
07.11.2015 00:45:00,192
07.11.2015 00:50:00,188
07.11.2015 00:55:00,159
07.11.2015 01:00:00,180
07.11.2015 01:05:00,207
07.11.2015 01:10:00,180
07.11.2015 01:15:00,195
07.11.2015 01:20:00,155
07.11.2015 01:25:00,214
07.11.2015 01:30:00,192
07.11.2015 01:35:00,205
07.11.2015 01:40:00,220
07.11.2015 01:45:00,182
07.11.2015 01:50:00,149
07.11.2015 01:55:00,155
07.11.2015 02:00:00,149
07.11.2015 02:05:00,155
07.11.2015 02:10:00,149
07.11.2015 02:15:00,155
07.11.2015 02:20:00,150
07.11.2015 02:25:00,158
07.11.2015 02:30:00,148
07.11.2015 02:35:00,148
07.11.2015 02:40:00,147
07.11.2015 02:45:00,149
07.11.2015 02:50:00,148
07.11.2015 02:55:00,154
07.11.2015 03:00:00,148
07.11.2015 03:05:00,150
07.11.2015 03:10:00,161
07.11.2015 03:15:00,157
07.11.2015 03:20:00,148
07.11.2015 03:25:00,156
07.11.2015 03:30:00,148
07.11.2015 03:35:00,149
07.11.2015 03:40:00,147
07.11.2015 03:45:00,147
07.11.2015 03:50:00,148
07.11.2015 03:55:00,155
07.11.2015 04:00:00,148
07.11.2015 04:05:00,158
07.11.2015 04:10:00,149
07.11.2015 04:15:00,148
07.11.2015 04:20:00,150
07.11.2015 04:25:00,157
07.11.2015 04:30:00,149
07.11.2015 04:35:00,156
07.11.2015 04:40:00,149
07.11.2015 04:45:00,151
07.11.2015 04:50:00,148
07.11.2015 04:55:00,147
07.11.2015 05:00:00,148
07.11.2015 05:05:00,161
07.11.2015 05:10:00,149
07.11.2015 05:15:00,157
07.11.2015 05:20:00,149
07.11.2015 05:25:00,158
07.11.2015 05:30:00,147
07.11.2015 05:35:00,155
07.11.2015 05:40:00,149
07.11.2015 05:45:00,156
07.11.2015 05:50:00,152
07.11.2015 05:55:00,155
07.11.2015 06:00:00,148
07.11.2015 06:05:00,156
07.11.2015 06:10:00,149
07.11.2015 06:15:00,155
07.11.2015 06:20:00,147
07.11.2015 06:25:00,156
07.11.2015 06:30:00,150
07.11.2015 06:35:00,184
07.11.2015 06:40:00,217
07.11.2015 06:45:00,205
07.11.2015 06:50:00,161
07.11.2015 06:55:00,166
07.11.2015 07:00:00,175
07.11.2015 07:05:00,154
07.11.2015 07:10:00,149
07.11.2015 07:15:00,155
07.11.2015 07:20:00,152
07.11.2015 07:25:00,159
07.11.2015 07:30:00,146
07.11.2015 07:35:00,147
07.11.2015 07:40:00,148
07.11.2015 07:45:00,170
07.11.2015 07:50:00,150
07.11.2015 07:55:00,155
07.11.2015 08:00:00,150
07.11.2015 08:05:00,155
07.11.2015 08:10:00,149
07.11.2015 08:15:00,154
07.11.2015 08:20:00,148
07.11.2015 08:25:00,164
07.11.2015 08:30:00,146
07.11.2015 08:35:00,155
07.11.2015 08:40:00,148
07.11.2015 08:45:00,152
07.11.2015 08:50:00,148
07.11.2015 08:55:00,155
07.11.2015 09:00:00,154
07.11.2015 09:05:00,146
07.11.2015 09:10:00,148
07.11.2015 09:15:00,150
07.11.2015 09:20:00,148
07.11.2015 09:25:00,157
07.11.2015 09:30:00,147
07.11.2015 09:35:00,151
07.11.2015 09:40:00,147
07.11.2015 09:45:00,156
07.11.2015 09:50:00,147
07.11.2015 09:55:00,155
07.11.2015 10:00:00,146
07.11.2015 10:05:00,147
07.11.2015 10:10:00,146
07.11.2015 10:15:00,150
07.11.2015 10:20:00,150
07.11.2015 10:25:00,156
07.11.2015 10:30:00,147
07.11.2015 10:35:00,156
07.11.2015 10:40:00,148
07.11.2015 10:45:00,156
07.11.2015 10:50:00,148
07.11.2015 10:55:00,147
07.11.2015 11:00:00,147
07.11.2015 11:05:00,148
07.11.2015 11:10:00,148
07.11.2015 11:15:00,158
07.11.2015 11:20:00,149
07.11.2015 11:25:00,156
07.11.2015 11:30:00,148
07.11.2015 11:35:00,154
07.11.2015 11:40:00,146
07.11.2015 11:45:00,147
07.11.2015 11:50:00,149
07.11.2015 11:55:00,159
07.11.2015 12:00:00,147
07.11.2015 12:05:00,147
07.11.2015 12:10:00,147
07.11.2015 12:15:00,147
07.11.2015 12:20:00,147
07.11.2015 12:25:00,158
07.11.2015 12:30:00,149
07.11.2015 12:35:00,146
07.11.2015 12:40:00,149
07.11.2015 12:45:00,152
07.11.2015 12:50:00,153
07.11.2015 12:55:00,155
07.11.2015 13:00:00,147
07.11.2015 13:05:00,148
07.11.2015 13:10:00,150
07.11.2015 13:15:00,156
07.11.2015 13:20:00,150
07.11.2015 13:25:00,157
07.11.2015 13:30:00,150
07.11.2015 13:35:00,156
07.11.2015 13:40:00,150
07.11.2015 13:45:00,147
07.11.2015 13:50:00,147
07.11.2015 13:55:00,153
07.11.2015 14:00:00,149
07.11.2015 14:05:00,157
07.11.2015 14:10:00,164
07.11.2015 14:15:00,236
07.11.2015 14:20:00,147
07.11.2015 14:25:00,157
07.11.2015 14:30:00,150
07.11.2015 14:35:00,156
07.11.2015 14:40:00,147
07.11.2015 14:45:00,155
07.11.2015 14:50:00,148
07.11.2015 14:55:00,147
07.11.2015 15:00:00,148
07.11.2015 15:05:00,154
07.11.2015 15:10:00,147
07.11.2015 15:15:00,155
07.11.2015 15:20:00,149
07.11.2015 15:25:00,157
07.11.2015 15:30:00,147
07.11.2015 15:35:00,154
07.11.2015 15:40:00,148
07.11.2015 15:45:00,154
07.11.2015 15:50:00,148
07.11.2015 15:55:00,146
07.11.2015 16:00:00,151
07.11.2015 16:05:00,148
07.11.2015 16:10:00,148
07.11.2015 16:15:00,146
07.11.2015 16:20:00,147
07.11.2015 16:25:00,155
07.11.2015 16:30:00,147
07.11.2015 16:35:00,159
07.11.2015 16:40:00,195
07.11.2015 16:45:00,159
07.11.2015 16:50:00,148
07.11.2015 16:55:00,158
07.11.2015 17:00:00,152
07.11.2015 17:05:00,146
07.11.2015 17:10:00,175
07.11.2015 17:15:00,235
07.11.2015 17:20:00,147
07.11.2015 17:25:00,152
07.11.2015 17:30:00,196
07.11.2015 17:35:00,171
07.11.2015 17:40:00,149
07.11.2015 17:45:00,153
07.11.2015 17:50:00,147
07.11.2015 17:55:00,156
07.11.2015 18:00:00,152
07.11.2015 18:05:00,222
07.11.2015 18:10:00,219
07.11.2015 18:15:00,214
07.11.2015 18:20:00,150
07.11.2015 18:25:00,158
07.11.2015 18:30:00,147
07.11.2015 18:35:00,145
07.11.2015 18:40:00,146
07.11.2015 18:45:00,146
07.11.2015 18:50:00,146
07.11.2015 18:55:00,150
07.11.2015 19:00:00,147
07.11.2015 19:05:00,158
07.11.2015 19:10:00,149
07.11.2015 19:15:00,159
07.11.2015 19:20:00,146
07.11.2015 19:25:00,161
07.11.2015 19:30:00,151
07.11.2015 19:35:00,147
07.11.2015 19:40:00,147
07.11.2015 19:45:00,154
07.11.2015 19:50:00,158
07.11.2015 19:55:00,178
07.11.2015 20:00:00,148
07.11.2015 20:05:00,160
07.11.2015 20:10:00,148
07.11.2015 20:15:00,148
07.11.2015 20:20:00,149
07.11.2015 20:25:00,159
07.11.2015 20:30:00,142
07.11.2015 20:35:00,147
07.11.2015 20:40:00,149
07.11.2015 20:45:00,151
07.11.2015 20:50:00,150
07.11.2015 20:55:00,157
07.11.2015 21:00:00,149
07.11.2015 21:05:00,155
07.11.2015 21:10:00,148
07.11.2015 21:15:00,149
07.11.2015 21:20:00,151
07.11.2015 21:25:00,155
07.11.2015 21:30:00,147
07.11.2015 21:35:00,155
07.11.2015 21:40:00,146
07.11.2015 21:45:00,147
07.11.2015 21:50:00,147
07.11.2015 21:55:00,157
07.11.2015 22:00:00,151
07.11.2015 22:05:00,156
07.11.2015 22:10:00,148
07.11.2015 22:15:00,204
07.11.2015 22:20:00,195
07.11.2015 22:25:00,189
07.11.2015 22:30:00,148
07.11.2015 22:35:00,154
07.11.2015 22:40:00,153
07.11.2015 22:45:00,174
07.11.2015 22:50:00,179
07.11.2015 22:55:00,160
07.11.2015 23:00:00,168
07.11.2015 23:05:00,187
07.11.2015 23:10:00,162
07.11.2015 23:15:00,169
07.11.2015 23:20:00,166
07.11.2015 23:25:00,291
07.11.2015 23:30:00,238
07.11.2015 23:35:00,225
07.11.2015 23:40:00,179
07.11.2015 23:45:00,176
07.11.2015 23:50:00,189
07.11.2015 23:55:00,207
08.11.2015 00:00:00,173
08.11.2015 00:05:00,258
08.11.2015 00:10:00,209
08.11.2015 00:15:00,272
08.11.2015 00:20:00,208
08.11.2015 00:25:00,266
08.11.2015 00:30:00,239
08.11.2015 00:35:00,216
08.11.2015 00:40:00,196
08.11.2015 00:45:00,172
08.11.2015 00:50:00,153
08.11.2015 00:55:00,154
08.11.2015 01:00:00,157
08.11.2015 01:05:00,160
08.11.2015 01:10:00,147
08.11.2015 01:15:00,149
08.11.2015 01:20:00,149
08.11.2015 01:25:00,144
08.11.2015 01:30:00,130
08.11.2015 01:35:00,132
08.11.2015 01:40:00,140
08.11.2015 01:45:00,147
08.11.2015 01:50:00,149
08.11.2015 01:55:00,155
08.11.2015 02:00:00,148
08.11.2015 02:05:00,151
08.11.2015 02:10:00,149
08.11.2015 02:15:00,157
08.11.2015 02:20:00,149
08.11.2015 02:25:00,157
08.11.2015 02:30:00,147
08.11.2015 02:35:00,148
08.11.2015 02:40:00,147
08.11.2015 02:45:00,154
08.11.2015 02:50:00,148
08.11.2015 02:55:00,155
08.11.2015 03:00:00,149
08.11.2015 03:05:00,151
08.11.2015 03:10:00,148
08.11.2015 03:15:00,154
08.11.2015 03:20:00,145
08.11.2015 03:25:00,161
08.11.2015 03:30:00,151
08.11.2015 03:35:00,148
08.11.2015 03:40:00,147
08.11.2015 03:45:00,147
08.11.2015 03:50:00,148
08.11.2015 03:55:00,147
08.11.2015 04:00:00,148
08.11.2015 04:05:00,164
08.11.2015 04:10:00,147
08.11.2015 04:15:00,148
08.11.2015 04:20:00,148
08.11.2015 04:25:00,742
08.11.2015 04:30:00,146
08.11.2015 04:35:00,154
08.11.2015 04:40:00,149
08.11.2015 04:45:00,155
08.11.2015 04:50:00,148
08.11.2015 04:55:00,154
08.11.2015 05:00:00,149
08.11.2015 05:05:00,155
08.11.2015 05:10:00,151
08.11.2015 05:15:00,154
08.11.2015 05:20:00,148
08.11.2015 05:25:00,157
08.11.2015 05:30:00,157
08.11.2015 05:35:00,154
08.11.2015 05:40:00,148
08.11.2015 05:45:00,154
08.11.2015 05:50:00,148
08.11.2015 05:55:00,151
08.11.2015 06:00:00,148
08.11.2015 06:05:00,150
08.11.2015 06:10:00,149
08.11.2015 06:15:00,147
08.11.2015 06:20:00,151
08.11.2015 06:25:00,157
08.11.2015 06:30:00,156
08.11.2015 06:35:00,151
08.11.2015 06:40:00,154
08.11.2015 06:45:00,154
08.11.2015 06:50:00,149
08.11.2015 06:55:00,149
08.11.2015 07:00:00,148
08.11.2015 07:05:00,149
08.11.2015 07:10:00,148
08.11.2015 07:15:00,155
08.11.2015 07:20:00,151
08.11.2015 07:25:00,156
08.11.2015 07:30:00,155
08.11.2015 07:35:00,154
08.11.2015 07:40:00,147
08.11.2015 07:45:00,147
08.11.2015 07:50:00,148
08.11.2015 07:55:00,155
08.11.2015 08:00:00,146
08.11.2015 08:05:00,154
08.11.2015 08:10:00,149
08.11.2015 08:15:00,150
08.11.2015 08:20:00,208
08.11.2015 08:25:00,167
08.11.2015 08:30:00,147
08.11.2015 08:35:00,155
08.11.2015 08:40:00,148
08.11.2015 08:45:00,148
08.11.2015 08:50:00,149
08.11.2015 08:55:00,153
08.11.2015 09:00:00,148
08.11.2015 09:05:00,172
08.11.2015 09:10:00,154
08.11.2015 09:15:00,154
08.11.2015 09:20:00,151
08.11.2015 09:25:00,169
08.11.2015 09:30:00,149
08.11.2015 09:35:00,159
08.11.2015 09:40:00,166
08.11.2015 09:45:00,153
08.11.2015 09:50:00,151
08.11.2015 09:55:00,151
08.11.2015 10:00:00,149
08.11.2015 10:05:00,162
08.11.2015 10:10:00,151
08.11.2015 10:15:00,161
08.11.2015 10:20:00,149
08.11.2015 10:25:00,155
08.11.2015 10:30:00,156
08.11.2015 10:35:00,150
08.11.2015 10:40:00,153
08.11.2015 10:45:00,147
08.11.2015 10:50:00,147
08.11.2015 10:55:00,149
08.11.2015 11:00:00,146
08.11.2015 11:05:00,160
08.11.2015 11:10:00,148
08.11.2015 11:15:00,147
08.11.2015 11:20:00,153
08.11.2015 11:25:00,147
08.11.2015 11:30:00,155
08.11.2015 11:35:00,172
08.11.2015 11:40:00,191
08.11.2015 11:45:00,169
08.11.2015 11:50:00,147
08.11.2015 11:55:00,154
08.11.2015 12:00:00,151
08.11.2015 12:05:00,161
08.11.2015 12:10:00,150
08.11.2015 12:15:00,166
08.11.2015 12:20:00,148
08.11.2015 12:25:00,154
08.11.2015 12:30:00,154
08.11.2015 12:35:00,153
08.11.2015 12:40:00,174
08.11.2015 12:45:00,150
08.11.2015 12:50:00,148
08.11.2015 12:55:00,148
08.11.2015 13:00:00,150
08.11.2015 13:05:00,157
08.11.2015 13:10:00,149
08.11.2015 13:15:00,151
08.11.2015 13:20:00,181
08.11.2015 13:25:00,184
08.11.2015 13:30:00,172
08.11.2015 13:35:00,162
08.11.2015 13:40:00,156
08.11.2015 13:45:00,166
08.11.2015 13:50:00,164
08.11.2015 13:55:00,172
08.11.2015 14:00:00,151
08.11.2015 14:05:00,156
08.11.2015 14:10:00,153
08.11.2015 14:15:00,151
08.11.2015 14:20:00,147
08.11.2015 14:25:00,153
08.11.2015 14:30:00,159
08.11.2015 14:35:00,147
08.11.2015 14:40:00,147
08.11.2015 14:45:00,180
08.11.2015 14:50:00,149
08.11.2015 14:55:00,154
08.11.2015 15:00:00,184
08.11.2015 15:05:00,154
08.11.2015 15:10:00,147
08.11.2015 15:15:00,152
08.11.2015 15:20:00,148
08.11.2015 15:25:00,154
08.11.2015 15:30:00,159
08.11.2015 15:35:00,153
08.11.2015 15:40:00,148
08.11.2015 15:45:00,152
08.11.2015 15:50:00,149
08.11.2015 15:55:00,155
08.11.2015 16:00:00,192
08.11.2015 16:05:00,197
08.11.2015 16:10:00,147
08.11.2015 16:15:00,153
08.11.2015 16:20:00,145
08.11.2015 16:25:00,152
08.11.2015 16:30:00,154
08.11.2015 16:35:00,152
08.11.2015 16:40:00,145
08.11.2015 16:45:00,153
08.11.2015 16:50:00,148
08.11.2015 16:55:00,156
08.11.2015 17:00:00,151
08.11.2015 17:05:00,144
08.11.2015 17:10:00,146
08.11.2015 17:15:00,155
08.11.2015 17:20:00,151
08.11.2015 17:25:00,148
08.11.2015 17:30:00,157
08.11.2015 17:35:00,148
08.11.2015 17:40:00,147
08.11.2015 17:45:00,147
08.11.2015 17:50:00,146
08.11.2015 17:55:00,149
08.11.2015 18:00:00,148
08.11.2015 18:05:00,157
08.11.2015 18:10:00,147
08.11.2015 18:15:00,152
08.11.2015 18:20:00,146
08.11.2015 18:25:00,147
08.11.2015 18:30:00,155
08.11.2015 18:35:00,154
08.11.2015 18:40:00,146
08.11.2015 18:45:00,153
08.11.2015 18:50:00,147
08.11.2015 18:55:00,148
08.11.2015 19:00:00,144
08.11.2015 19:05:00,155
08.11.2015 19:10:00,149
08.11.2015 19:15:00,155
08.11.2015 19:20:00,149
08.11.2015 19:25:00,153
08.11.2015 19:30:00,154
08.11.2015 19:35:00,150
08.11.2015 19:40:00,147
08.11.2015 19:45:00,158
08.11.2015 19:50:00,184
08.11.2015 19:55:00,183
08.11.2015 20:00:00,148
08.11.2015 20:05:00,160
08.11.2015 20:10:00,149
08.11.2015 20:15:00,154
08.11.2015 20:20:00,151
08.11.2015 20:25:00,157
08.11.2015 20:30:00,156
08.11.2015 20:35:00,148
08.11.2015 20:40:00,148
08.11.2015 20:45:00,146
08.11.2015 20:50:00,147
08.11.2015 20:55:00,147
08.11.2015 21:00:00,146
08.11.2015 21:05:00,157
08.11.2015 21:10:00,147
08.11.2015 21:15:00,151
08.11.2015 21:20:00,148
08.11.2015 21:25:00,158
08.11.2015 21:30:00,154
08.11.2015 21:35:00,153
08.11.2015 21:40:00,147
08.11.2015 21:45:00,154
08.11.2015 21:50:00,147
08.11.2015 21:55:00,147
08.11.2015 22:00:00,150
08.11.2015 22:05:00,148
08.11.2015 22:10:00,148
08.11.2015 22:15:00,154
08.11.2015 22:20:00,146
08.11.2015 22:25:00,151
08.11.2015 22:30:00,157
08.11.2015 22:35:00,152
08.11.2015 22:40:00,155
08.11.2015 22:45:00,152
08.11.2015 22:50:00,151
08.11.2015 22:55:00,154
08.11.2015 23:00:00,152
08.11.2015 23:05:00,158
08.11.2015 23:10:00,153
08.11.2015 23:15:00,157
08.11.2015 23:20:00,161
08.11.2015 23:25:00,174
08.11.2015 23:30:00,156
08.11.2015 23:35:00,149
08.11.2015 23:40:00,149
08.11.2015 23:45:00,155
08.11.2015 23:50:00,151
08.11.2015 23:55:00,149
09.11.2015 00:00:00,149
09.11.2015 00:05:00,142
09.11.2015 00:10:00,148
09.11.2015 00:15:00,157
09.11.2015 00:20:00,149
09.11.2015 00:25:00,153
09.11.2015 00:30:00,153
09.11.2015 00:35:00,147
09.11.2015 00:40:00,146
09.11.2015 00:45:00,144
09.11.2015 00:50:00,149
09.11.2015 00:55:00,158
09.11.2015 01:00:00,148
09.11.2015 01:05:00,156
09.11.2015 01:10:00,179
09.11.2015 01:15:00,147
09.11.2015 01:20:00,150
09.11.2015 01:25:00,152
09.11.2015 01:30:00,153
09.11.2015 01:35:00,153
09.11.2015 01:40:00,149
09.11.2015 01:45:00,148
09.11.2015 01:50:00,149
09.11.2015 01:55:00,147
09.11.2015 02:00:00,150
09.11.2015 02:05:00,152
09.11.2015 02:10:00,151
09.11.2015 02:15:00,194
09.11.2015 02:20:00,151
09.11.2015 02:25:00,150
09.11.2015 02:30:00,156
09.11.2015 02:35:00,149
09.11.2015 02:40:00,148
09.11.2015 02:45:00,151
09.11.2015 02:50:00,150
09.11.2015 02:55:00,155
09.11.2015 03:00:00,149
09.11.2015 03:05:00,149
09.11.2015 03:10:00,150
09.11.2015 03:15:00,159
09.11.2015 03:20:00,147
09.11.2015 03:25:00,153
09.11.2015 03:30:00,157
09.11.2015 03:35:00,151
09.11.2015 03:40:00,149
09.11.2015 03:45:00,147
09.11.2015 03:50:00,149
09.11.2015 03:55:00,155
09.11.2015 04:00:00,150
09.11.2015 04:05:00,162
09.11.2015 04:10:00,149
09.11.2015 04:15:00,154
09.11.2015 04:20:00,149
09.11.2015 04:25:00,155
09.11.2015 04:30:00,155
09.11.2015 04:35:00,156
09.11.2015 04:40:00,150
09.11.2015 04:45:00,156
09.11.2015 04:50:00,150
09.11.2015 04:55:00,149
09.11.2015 05:00:00,148
09.11.2015 05:05:00,155
09.11.2015 05:10:00,149
09.11.2015 05:15:00,154
09.11.2015 05:20:00,150
09.11.2015 05:25:00,149
09.11.2015 05:30:00,155
09.11.2015 05:35:00,155
09.11.2015 05:40:00,149
09.11.2015 05:45:00,154
09.11.2015 05:50:00,149
09.11.2015 05:55:00,151
09.11.2015 06:00:00,148
09.11.2015 06:05:00,155
09.11.2015 06:10:00,148
09.11.2015 06:15:00,153
09.11.2015 06:20:00,149
09.11.2015 06:25:00,155
09.11.2015 06:30:00,155
09.11.2015 06:35:00,155
09.11.2015 06:40:00,148
09.11.2015 06:45:00,147
09.11.2015 06:50:00,159
09.11.2015 06:55:00,151
09.11.2015 07:00:00,147
09.11.2015 07:05:00,175
09.11.2015 07:10:00,151
09.11.2015 07:15:00,156
09.11.2015 07:20:00,149
09.11.2015 07:25:00,149
09.11.2015 07:30:00,159
09.11.2015 07:35:00,151
09.11.2015 07:40:00,151
09.11.2015 07:45:00,158
09.11.2015 07:50:00,151
09.11.2015 07:55:00,159
09.11.2015 08:00:00,153
09.11.2015 08:05:00,158
09.11.2015 08:10:00,148
09.11.2015 08:15:00,150
09.11.2015 08:20:00,152
09.11.2015 08:25:00,186
09.11.2015 08:30:00,210
09.11.2015 08:35:00,165
09.11.2015 08:40:00,155
09.11.2015 08:45:00,158
09.11.2015 08:50:00,184
09.11.2015 08:55:00,178
09.11.2015 09:00:00,181
09.11.2015 09:05:00,174
09.11.2015 09:10:00,141
09.11.2015 09:15:00,161
09.11.2015 09:20:00,193
09.11.2015 09:25:00,171
09.11.2015 09:30:00,187
09.11.2015 09:35:00,167
09.11.2015 09:40:00,163
09.11.2015 09:45:00,152
09.11.2015 09:50:00,151
09.11.2015 09:55:00,161
09.11.2015 10:00:00,154
09.11.2015 10:05:00,156
09.11.2015 10:10:00,152
09.11.2015 10:15:00,156
09.11.2015 10:20:00,141
09.11.2015 10:25:00,176
09.11.2015 10:30:00,175
09.11.2015 10:35:00,166
09.11.2015 10:40:00,189
09.11.2015 10:45:00,186
09.11.2015 10:50:00,184
09.11.2015 10:55:00,203
09.11.2015 11:00:00,171
09.11.2015 11:05:00,186
09.11.2015 11:10:00,149
09.11.2015 11:15:00,173
09.11.2015 11:20:00,146
09.11.2015 11:25:00,151
09.11.2015 11:30:00,162
09.11.2015 11:35:00,179
09.11.2015 11:40:00,154
09.11.2015 11:45:00,157
09.11.2015 11:50:00,153
09.11.2015 11:55:00,151
09.11.2015 12:00:00,150
09.11.2015 12:05:00,161
09.11.2015 12:10:00,152
09.11.2015 12:15:00,158
09.11.2015 12:20:00,152
09.11.2015 12:25:00,167
09.11.2015 12:30:00,158
09.11.2015 12:35:00,160
09.11.2015 12:40:00,152
09.11.2015 12:45:00,173
09.11.2015 12:50:00,168
09.11.2015 12:55:00,166
09.11.2015 13:00:00,154
09.11.2015 13:05:00,151
09.11.2015 13:10:00,151
09.11.2015 13:15:00,157
09.11.2015 13:20:00,154
09.11.2015 13:25:00,151
09.11.2015 13:30:00,164
09.11.2015 13:35:00,158
09.11.2015 13:40:00,151
09.11.2015 13:45:00,179
09.11.2015 13:50:00,171
09.11.2015 13:55:00,151
09.11.2015 14:00:00,166
09.11.2015 14:05:00,163
09.11.2015 14:10:00,152
09.11.2015 14:15:00,169
09.11.2015 14:20:00,151
09.11.2015 14:25:00,159
09.11.2015 14:30:00,163
09.11.2015 14:35:00,153
09.11.2015 14:40:00,163
09.11.2015 14:45:00,213
09.11.2015 14:50:00,178
09.11.2015 14:55:00,161
09.11.2015 15:00:00,152
09.11.2015 15:05:00,197
09.11.2015 15:10:00,154
09.11.2015 15:15:00,160
09.11.2015 15:20:00,164
09.11.2015 15:25:00,206
09.11.2015 15:30:00,160
09.11.2015 15:35:00,161
09.11.2015 15:40:00,152
09.11.2015 15:45:00,152
09.11.2015 15:50:00,152
09.11.2015 15:55:00,162
09.11.2015 16:00:00,179
09.11.2015 16:05:00,158
09.11.2015 16:10:00,153
09.11.2015 16:15:00,161
09.11.2015 16:20:00,154
09.11.2015 16:25:00,155
09.11.2015 16:30:00,163
09.11.2015 16:35:00,154
09.11.2015 16:40:00,152
09.11.2015 16:45:00,159
09.11.2015 16:50:00,163
09.11.2015 16:55:00,153
09.11.2015 17:00:00,152
09.11.2015 17:05:00,149
09.11.2015 17:10:00,159
09.11.2015 17:15:00,174
09.11.2015 17:20:00,150
09.11.2015 17:25:00,152
09.11.2015 17:30:00,161
09.11.2015 17:35:00,158
09.11.2015 17:40:00,152
09.11.2015 17:45:00,151
09.11.2015 17:50:00,150
09.11.2015 17:55:00,156
09.11.2015 18:00:00,158
09.11.2015 18:05:00,202
09.11.2015 18:10:00,167
09.11.2015 18:15:00,182
09.11.2015 18:20:00,164
09.11.2015 18:25:00,151
09.11.2015 18:30:00,162
09.11.2015 18:35:00,176
09.11.2015 18:40:00,152
09.11.2015 18:45:00,159
09.11.2015 18:50:00,156
09.11.2015 18:55:00,159
09.11.2015 19:00:00,150
09.11.2015 19:05:00,153
09.11.2015 19:10:00,153
09.11.2015 19:15:00,153
09.11.2015 19:20:00,153
09.11.2015 19:25:00,152
09.11.2015 19:30:00,161
09.11.2015 19:35:00,159
09.11.2015 19:40:00,153
09.11.2015 19:45:00,161
09.11.2015 19:50:00,153
09.11.2015 19:55:00,159
09.11.2015 20:00:00,152
09.11.2015 20:05:00,164
09.11.2015 20:10:00,151
09.11.2015 20:15:00,152
09.11.2015 20:20:00,156
09.11.2015 20:25:00,160
09.11.2015 20:30:00,160
09.11.2015 20:35:00,151
09.11.2015 20:40:00,155
09.11.2015 20:45:00,153
09.11.2015 20:50:00,152
09.11.2015 20:55:00,162
09.11.2015 21:00:00,188
09.11.2015 21:05:00,169
09.11.2015 21:10:00,197
09.11.2015 21:15:00,176
09.11.2015 21:20:00,154
09.11.2015 21:25:00,162
09.11.2015 21:30:00,159
09.11.2015 21:35:00,161
09.11.2015 21:40:00,152
09.11.2015 21:45:00,158
09.11.2015 21:50:00,153
09.11.2015 21:55:00,153
09.11.2015 22:00:00,168
09.11.2015 22:05:00,242
09.11.2015 22:10:00,193
09.11.2015 22:15:00,154
09.11.2015 22:20:00,153
09.11.2015 22:25:00,152
09.11.2015 22:30:00,162
09.11.2015 22:35:00,161
09.11.2015 22:40:00,152
09.11.2015 22:45:00,160
09.11.2015 22:50:00,181
09.11.2015 22:55:00,151
09.11.2015 23:00:00,153
09.11.2015 23:05:00,151
09.11.2015 23:10:00,150
09.11.2015 23:15:00,157
09.11.2015 23:20:00,151
09.11.2015 23:25:00,159
09.11.2015 23:30:00,160
09.11.2015 23:35:00,151
09.11.2015 23:40:00,152
09.11.2015 23:45:00,158
09.11.2015 23:50:00,152
09.11.2015 23:55:00,153
10.11.2015 00:00:00,152
10.11.2015 00:05:00,157
10.11.2015 00:10:00,185
10.11.2015 00:15:00,180
10.11.2015 00:20:00,153
10.11.2015 00:25:00,169
10.11.2015 00:30:00,162
10.11.2015 00:35:00,155
10.11.2015 00:40:00,150
10.11.2015 00:45:00,152
10.11.2015 00:50:00,150
10.11.2015 00:55:00,149
10.11.2015 01:00:00,152
10.11.2015 01:05:00,158
10.11.2015 01:10:00,152
10.11.2015 01:15:00,156
10.11.2015 01:20:00,151
10.11.2015 01:25:00,161
10.11.2015 01:30:00,160
10.11.2015 01:35:00,151
10.11.2015 01:40:00,152
10.11.2015 01:45:00,159
10.11.2015 01:50:00,153
10.11.2015 01:55:00,154
10.11.2015 02:00:00,154
10.11.2015 02:05:00,153
10.11.2015 02:10:00,153
10.11.2015 02:15:00,154
10.11.2015 02:20:00,155
10.11.2015 02:25:00,161
10.11.2015 02:30:00,161
10.11.2015 02:35:00,154
10.11.2015 02:40:00,153
10.11.2015 02:45:00,153
10.11.2015 02:50:00,154
10.11.2015 02:55:00,152
10.11.2015 03:00:00,154
10.11.2015 03:05:00,153
10.11.2015 03:10:00,152
10.11.2015 03:15:00,153
10.11.2015 03:20:00,150
10.11.2015 03:25:00,159
10.11.2015 03:30:00,160
10.11.2015 03:35:00,156
10.11.2015 03:40:00,153
10.11.2015 03:45:00,153
10.11.2015 03:50:00,154
10.11.2015 03:55:00,160
10.11.2015 04:00:00,153
10.11.2015 04:05:00,171
10.11.2015 04:10:00,152
10.11.2015 04:15:00,152
10.11.2015 04:20:00,153
10.11.2015 04:25:00,159
10.11.2015 04:30:00,160
10.11.2015 04:35:00,160
10.11.2015 04:40:00,166
10.11.2015 04:45:00,166
10.11.2015 04:50:00,157
10.11.2015 04:55:00,155
10.11.2015 05:00:00,154
10.11.2015 05:05:00,166
10.11.2015 05:10:00,152
10.11.2015 05:15:00,153
10.11.2015 05:20:00,154
10.11.2015 05:25:00,160
10.11.2015 05:30:00,162
10.11.2015 05:35:00,160
10.11.2015 05:40:00,153
10.11.2015 05:45:00,156
10.11.2015 05:50:00,155
10.11.2015 05:55:00,160
10.11.2015 06:00:00,156
10.11.2015 06:05:00,154
10.11.2015 06:10:00,154
10.11.2015 06:15:00,159
10.11.2015 06:20:00,154
10.11.2015 06:25:00,153
10.11.2015 06:30:00,163
10.11.2015 06:35:00,161
10.11.2015 06:40:00,153
10.11.2015 06:45:00,163
10.11.2015 06:50:00,157
10.11.2015 06:55:00,159
10.11.2015 07:00:00,158
10.11.2015 07:05:00,161
10.11.2015 07:10:00,152
10.11.2015 07:15:00,158
10.11.2015 07:20:00,153
10.11.2015 07:25:00,157
10.11.2015 07:30:00,160
10.11.2015 07:35:00,161
10.11.2015 07:40:00,158
10.11.2015 07:45:00,159
10.11.2015 07:50:00,150
10.11.2015 07:55:00,161
10.11.2015 08:00:00,156
10.11.2015 08:05:00,161
10.11.2015 08:10:00,153
10.11.2015 08:15:00,152
10.11.2015 08:20:00,158
10.11.2015 08:25:00,173
10.11.2015 08:30:00,198
10.11.2015 08:35:00,151
10.11.2015 08:40:00,152
10.11.2015 08:45:00,161
10.11.2015 08:50:00,152
10.11.2015 08:55:00,152
10.11.2015 09:00:00,159
10.11.2015 09:05:00,177
10.11.2015 09:10:00,170
10.11.2015 09:15:00,181
10.11.2015 09:20:00,156
10.11.2015 09:25:00,154
10.11.2015 09:30:00,171
10.11.2015 09:35:00,151
10.11.2015 09:40:00,153
10.11.2015 09:45:00,188
10.11.2015 09:50:00,172
10.11.2015 09:55:00,184
10.11.2015 10:00:00,173
10.11.2015 10:05:00,176
10.11.2015 10:10:00,155
10.11.2015 10:15:00,170
10.11.2015 10:20:00,154
10.11.2015 10:25:00,166
10.11.2015 10:30:00,180
10.11.2015 10:35:00,175
10.11.2015 10:40:00,162
10.11.2015 10:45:00,161
10.11.2015 10:50:00,153
10.11.2015 10:55:00,159
10.11.2015 11:00:00,152
10.11.2015 11:05:00,152
10.11.2015 11:10:00,152
10.11.2015 11:15:00,148
10.11.2015 11:20:00,152
10.11.2015 11:25:00,152
10.11.2015 11:30:00,160
10.11.2015 11:35:00,160
10.11.2015 11:40:00,150
10.11.2015 11:45:00,152
10.11.2015 11:50:00,152
10.11.2015 11:55:00,153
10.11.2015 12:00:00,160
10.11.2015 12:05:00,172
10.11.2015 12:10:00,152
10.11.2015 12:15:00,153
10.11.2015 12:20:00,153
10.11.2015 12:25:00,160
10.11.2015 12:30:00,161
10.11.2015 12:35:00,158
10.11.2015 12:40:00,152
10.11.2015 12:45:00,158
10.11.2015 12:50:00,152
10.11.2015 12:55:00,159
10.11.2015 13:00:00,152
10.11.2015 13:05:00,163
10.11.2015 13:10:00,160
10.11.2015 13:15:00,173
10.11.2015 13:20:00,155
10.11.2015 13:25:00,152
10.11.2015 13:30:00,183
10.11.2015 13:35:00,151
10.11.2015 13:40:00,153
10.11.2015 13:45:00,157
10.11.2015 13:50:00,153
10.11.2015 13:55:00,150
10.11.2015 14:00:00,150
10.11.2015 14:05:00,159
10.11.2015 14:10:00,165
10.11.2015 14:15:00,175
10.11.2015 14:20:00,171
10.11.2015 14:25:00,163
10.11.2015 14:30:00,192
10.11.2015 14:35:00,154
10.11.2015 14:40:00,153
10.11.2015 14:45:00,152
10.11.2015 14:50:00,182
10.11.2015 14:55:00,211
10.11.2015 15:00:00,179
10.11.2015 15:05:00,162
10.11.2015 15:10:00,171
10.11.2015 15:15:00,167
10.11.2015 15:20:00,156
10.11.2015 15:25:00,214
10.11.2015 15:30:00,157
10.11.2015 15:35:00,155
10.11.2015 15:40:00,154
10.11.2015 15:45:00,155
10.11.2015 15:50:00,155
10.11.2015 15:55:00,160
10.11.2015 16:00:00,152
10.11.2015 16:05:00,173
10.11.2015 16:10:00,178
10.11.2015 16:15:00,162
10.11.2015 16:20:00,159
10.11.2015 16:25:00,164
10.11.2015 16:30:00,157
10.11.2015 16:35:00,157
10.11.2015 16:40:00,152
10.11.2015 16:45:00,176
10.11.2015 16:50:00,205
10.11.2015 16:55:00,204
10.11.2015 17:00:00,150
10.11.2015 17:05:00,148
10.11.2015 17:10:00,151
10.11.2015 17:15:00,156
10.11.2015 17:20:00,152
10.11.2015 17:25:00,161
10.11.2015 17:30:00,161
10.11.2015 17:35:00,156
10.11.2015 17:40:00,150
10.11.2015 17:45:00,156
10.11.2015 17:50:00,154
10.11.2015 17:55:00,165
10.11.2015 18:00:00,148
10.11.2015 18:05:00,151
10.11.2015 18:10:00,150
10.11.2015 18:15:00,150
10.11.2015 18:20:00,151
10.11.2015 18:25:00,161
10.11.2015 18:30:00,158
10.11.2015 18:35:00,151
10.11.2015 18:40:00,151
10.11.2015 18:45:00,151
10.11.2015 18:50:00,154
10.11.2015 18:55:00,168
10.11.2015 19:00:00,157
10.11.2015 19:05:00,159
10.11.2015 19:10:00,160
10.11.2015 19:15:00,165
10.11.2015 19:20:00,153
10.11.2015 19:25:00,158
10.11.2015 19:30:00,158
10.11.2015 19:35:00,151
10.11.2015 19:40:00,189
10.11.2015 19:45:00,190
10.11.2015 19:50:00,187
10.11.2015 19:55:00,168
10.11.2015 20:00:00,172
10.11.2015 20:05:00,199
10.11.2015 20:10:00,151
10.11.2015 20:15:00,157
10.11.2015 20:20:00,152
10.11.2015 20:25:00,158
10.11.2015 20:30:00,161
10.11.2015 20:35:00,158
10.11.2015 20:40:00,151
10.11.2015 20:45:00,154
10.11.2015 20:50:00,155
10.11.2015 20:55:00,152
10.11.2015 21:00:00,151
10.11.2015 21:05:00,171
10.11.2015 21:10:00,153
10.11.2015 21:15:00,171
10.11.2015 21:20:00,173
10.11.2015 21:25:00,303
10.11.2015 21:30:00,162
10.11.2015 21:35:00,152
10.11.2015 21:40:00,153
10.11.2015 21:45:00,155
10.11.2015 21:50:00,154
10.11.2015 21:55:00,159
10.11.2015 22:00:00,153
10.11.2015 22:05:00,154
10.11.2015 22:10:00,152
10.11.2015 22:15:00,152
10.11.2015 22:20:00,153
10.11.2015 22:25:00,155
10.11.2015 22:30:00,206
10.11.2015 22:35:00,181
10.11.2015 22:40:00,157
10.11.2015 22:45:00,158
10.11.2015 22:50:00,153
10.11.2015 22:55:00,162
10.11.2015 23:00:00,152
10.11.2015 23:05:00,160
10.11.2015 23:10:00,156
10.11.2015 23:15:00,155
10.11.2015 23:20:00,152
10.11.2015 23:25:00,154
10.11.2015 23:30:00,161
10.11.2015 23:35:00,168
10.11.2015 23:40:00,157
10.11.2015 23:45:00,180
10.11.2015 23:50:00,152
10.11.2015 23:55:00,154
11.11.2015 00:00:00,153
11.11.2015 00:05:00,152
11.11.2015 00:10:00,148
11.11.2015 00:15:00,157
11.11.2015 00:20:00,149
11.11.2015 00:25:00,157
11.11.2015 00:30:00,157
11.11.2015 00:35:00,159
11.11.2015 00:40:00,151
11.11.2015 00:45:00,158
11.11.2015 00:50:00,152
11.11.2015 00:55:00,153
11.11.2015 01:00:00,152
11.11.2015 01:05:00,155
11.11.2015 01:10:00,144
11.11.2015 01:15:00,144
11.11.2015 01:20:00,145
11.11.2015 01:25:00,141
11.11.2015 01:30:00,147
11.11.2015 01:35:00,136
11.11.2015 01:40:00,150
11.11.2015 01:45:00,157
11.11.2015 01:50:00,155
11.11.2015 01:55:00,151
11.11.2015 02:00:00,151
11.11.2015 02:05:00,157
11.11.2015 02:10:00,150
11.11.2015 02:15:00,153
11.11.2015 02:20:00,152
11.11.2015 02:25:00,157
11.11.2015 02:30:00,160
11.11.2015 02:35:00,150
11.11.2015 02:40:00,159
11.11.2015 02:45:00,170
11.11.2015 02:50:00,150
11.11.2015 02:55:00,156
11.11.2015 03:00:00,151
11.11.2015 03:05:00,153
11.11.2015 03:10:00,154
11.11.2015 03:15:00,157
11.11.2015 03:20:00,152
11.11.2015 03:25:00,156
11.11.2015 03:30:00,159
11.11.2015 03:35:00,156
11.11.2015 03:40:00,149
11.11.2015 03:45:00,157
11.11.2015 03:50:00,151
11.11.2015 03:55:00,157
11.11.2015 04:00:00,151
11.11.2015 04:05:00,163
11.11.2015 04:10:00,145
11.11.2015 04:15:00,156
11.11.2015 04:20:00,152
11.11.2015 04:25:00,151
11.11.2015 04:30:00,161
11.11.2015 04:35:00,156
11.11.2015 04:40:00,150
11.11.2015 04:45:00,151
11.11.2015 04:50:00,149
11.11.2015 04:55:00,153
11.11.2015 05:00:00,152
11.11.2015 05:05:00,160
11.11.2015 05:10:00,151
11.11.2015 05:15:00,160
11.11.2015 05:20:00,153
11.11.2015 05:25:00,157
11.11.2015 05:30:00,162
11.11.2015 05:35:00,150
11.11.2015 05:40:00,149
11.11.2015 05:45:00,156
11.11.2015 05:50:00,150
11.11.2015 05:55:00,152
11.11.2015 06:00:00,152
11.11.2015 06:05:00,151
11.11.2015 06:10:00,150
11.11.2015 06:15:00,155
11.11.2015 06:20:00,154
11.11.2015 06:25:00,159
11.11.2015 06:30:00,157
11.11.2015 06:35:00,151
11.11.2015 06:40:00,150
11.11.2015 06:45:00,156
11.11.2015 06:50:00,155
11.11.2015 06:55:00,152
11.11.2015 07:00:00,151
11.11.2015 07:05:00,150
11.11.2015 07:10:00,149
11.11.2015 07:15:00,164
11.11.2015 07:20:00,159
11.11.2015 07:25:00,155
11.11.2015 07:30:00,161
11.11.2015 07:35:00,150
11.11.2015 07:40:00,149
11.11.2015 07:45:00,171
11.11.2015 07:50:00,151
11.11.2015 07:55:00,155
11.11.2015 08:00:00,155
11.11.2015 08:05:00,158
11.11.2015 08:10:00,150
11.11.2015 08:15:00,161
11.11.2015 08:20:00,154
11.11.2015 08:25:00,162
11.11.2015 08:30:00,199
11.11.2015 08:35:00,184
11.11.2015 08:40:00,151
11.11.2015 08:45:00,156
11.11.2015 08:50:00,151
11.11.2015 08:55:00,168
11.11.2015 09:00:00,151
11.11.2015 09:05:00,157
11.11.2015 09:10:00,149
11.11.2015 09:15:00,162
11.11.2015 09:20:00,152
11.11.2015 09:25:00,157
11.11.2015 09:30:00,177
11.11.2015 09:35:00,153
11.11.2015 09:40:00,150
11.11.2015 09:45:00,156
11.11.2015 09:50:00,182
11.11.2015 09:55:00,155
11.11.2015 10:00:00,171
11.11.2015 10:05:00,193
11.11.2015 10:10:00,174
11.11.2015 10:15:00,155
11.11.2015 10:20:00,151
11.11.2015 10:25:00,158
11.11.2015 10:30:00,158
11.11.2015 10:35:00,151
11.11.2015 10:40:00,152
11.11.2015 10:45:00,159
11.11.2015 10:50:00,172
11.11.2015 10:55:00,159
11.11.2015 11:00:00,151
11.11.2015 11:05:00,157
11.11.2015 11:10:00,151
11.11.2015 11:15:00,162
11.11.2015 11:20:00,173
11.11.2015 11:25:00,151
11.11.2015 11:30:00,159
11.11.2015 11:35:00,151
11.11.2015 11:40:00,151
11.11.2015 11:45:00,156
11.11.2015 11:50:00,155
11.11.2015 11:55:00,157
11.11.2015 12:00:00,150
11.11.2015 12:05:00,162
11.11.2015 12:10:00,152
11.11.2015 12:15:00,152
11.11.2015 12:20:00,153
11.11.2015 12:25:00,161
11.11.2015 12:30:00,159
11.11.2015 12:35:00,155
11.11.2015 12:40:00,153
11.11.2015 12:45:00,155
11.11.2015 12:50:00,152
11.11.2015 12:55:00,151
11.11.2015 13:00:00,154
11.11.2015 13:05:00,176
11.11.2015 13:10:00,154
11.11.2015 13:15:00,158
11.11.2015 13:20:00,153
11.11.2015 13:25:00,155
11.11.2015 13:30:00,157
11.11.2015 13:35:00,162
11.11.2015 13:40:00,159
11.11.2015 13:45:00,176
11.11.2015 13:50:00,156
11.11.2015 13:55:00,151
11.11.2015 14:00:00,151
11.11.2015 14:05:00,175
11.11.2015 14:10:00,155
11.11.2015 14:15:00,162
11.11.2015 14:20:00,150
11.11.2015 14:25:00,154
11.11.2015 14:30:00,159
11.11.2015 14:35:00,154
11.11.2015 14:40:00,160
11.11.2015 14:45:00,184
11.11.2015 14:50:00,176
11.11.2015 14:55:00,155
11.11.2015 15:00:00,163
11.11.2015 15:05:00,203
11.11.2015 15:10:00,175
11.11.2015 15:15:00,169
11.11.2015 15:20:00,187
11.11.2015 15:25:00,220
11.11.2015 15:30:00,179
11.11.2015 15:35:00,152
11.11.2015 15:40:00,151
11.11.2015 15:45:00,158
11.11.2015 15:50:00,155
11.11.2015 15:55:00,164
11.11.2015 16:00:00,152
11.11.2015 16:05:00,152
11.11.2015 16:10:00,151
11.11.2015 16:15:00,157
11.11.2015 16:20:00,160
11.11.2015 16:25:00,165
11.11.2015 16:30:00,163
11.11.2015 16:35:00,193
11.11.2015 16:40:00,164
11.11.2015 16:45:00,151
11.11.2015 16:50:00,150
11.11.2015 16:55:00,158
11.11.2015 17:00:00,157
11.11.2015 17:05:00,156
11.11.2015 17:10:00,150
11.11.2015 17:15:00,156
11.11.2015 17:20:00,150
11.11.2015 17:25:00,152
11.11.2015 17:30:00,160
11.11.2015 17:35:00,155
11.11.2015 17:40:00,155
11.11.2015 17:45:00,159
11.11.2015 17:50:00,151
11.11.2015 17:55:00,192
11.11.2015 18:00:00,152
11.11.2015 18:05:00,151
11.11.2015 18:10:00,197
11.11.2015 18:15:00,221
11.11.2015 18:20:00,171
11.11.2015 18:25:00,151
11.11.2015 18:30:00,160
11.11.2015 18:35:00,156
11.11.2015 18:40:00,175
11.11.2015 18:45:00,158
11.11.2015 18:50:00,151
11.11.2015 18:55:00,157
11.11.2015 19:00:00,181
11.11.2015 19:05:00,175
11.11.2015 19:10:00,179
11.11.2015 19:15:00,184
11.11.2015 19:20:00,152
11.11.2015 19:25:00,154
11.11.2015 19:30:00,160
11.11.2015 19:35:00,151
11.11.2015 19:40:00,151
11.11.2015 19:45:00,151
11.11.2015 19:50:00,152
11.11.2015 19:55:00,154
11.11.2015 20:00:00,155
11.11.2015 20:05:00,168
11.11.2015 20:10:00,155
11.11.2015 20:15:00,154
11.11.2015 20:20:00,151
11.11.2015 20:25:00,152
11.11.2015 20:30:00,160
11.11.2015 20:35:00,158
11.11.2015 20:40:00,151
11.11.2015 20:45:00,152
11.11.2015 20:50:00,152
11.11.2015 20:55:00,153
11.11.2015 21:00:00,152
11.11.2015 21:05:00,158
11.11.2015 21:10:00,152
11.11.2015 21:15:00,153
11.11.2015 21:20:00,152
11.11.2015 21:25:00,159
11.11.2015 21:30:00,160
11.11.2015 21:35:00,157
11.11.2015 21:40:00,152
11.11.2015 21:45:00,158
11.11.2015 21:50:00,151
11.11.2015 21:55:00,160
11.11.2015 22:00:00,153
11.11.2015 22:05:00,155
11.11.2015 22:10:00,151
11.11.2015 22:15:00,152
11.11.2015 22:20:00,244
11.11.2015 22:25:00,208
11.11.2015 22:30:00,171
11.11.2015 22:35:00,160
11.11.2015 22:40:00,151
11.11.2015 22:45:00,151
11.11.2015 22:50:00,150
11.11.2015 22:55:00,178
11.11.2015 23:00:00,181
11.11.2015 23:05:00,173
11.11.2015 23:10:00,151
11.11.2015 23:15:00,152
11.11.2015 23:20:00,156
11.11.2015 23:25:00,159
11.11.2015 23:30:00,162
11.11.2015 23:35:00,153
11.11.2015 23:40:00,154
11.11.2015 23:45:00,158
11.11.2015 23:50:00,151
11.11.2015 23:55:00,161
12.11.2015 00:00:00,152
12.11.2015 00:05:00,144
12.11.2015 00:10:00,157
12.11.2015 00:15:00,148
12.11.2015 00:20:00,149
12.11.2015 00:25:00,150
12.11.2015 00:30:00,160
12.11.2015 00:35:00,151
12.11.2015 00:40:00,151
12.11.2015 00:45:00,158
12.11.2015 00:50:00,151
12.11.2015 00:55:00,160
12.11.2015 01:00:00,151
12.11.2015 01:05:00,156
12.11.2015 01:10:00,149
12.11.2015 01:15:00,155
12.11.2015 01:20:00,151
12.11.2015 01:25:00,134
12.11.2015 01:30:00,138
12.11.2015 01:35:00,134
12.11.2015 01:40:00,141
12.11.2015 01:45:00,147
12.11.2015 01:50:00,147
12.11.2015 01:55:00,151
12.11.2015 02:00:00,150
12.11.2015 02:05:00,151
12.11.2015 02:10:00,156
12.11.2015 02:15:00,158
12.11.2015 02:20:00,151
12.11.2015 02:25:00,152
12.11.2015 02:30:00,160
12.11.2015 02:35:00,157
12.11.2015 02:40:00,151
12.11.2015 02:45:00,150
12.11.2015 02:50:00,150
12.11.2015 02:55:00,151
12.11.2015 03:00:00,152
12.11.2015 03:05:00,153
12.11.2015 03:10:00,152
12.11.2015 03:15:00,157
12.11.2015 03:20:00,149
12.11.2015 03:25:00,157
12.11.2015 03:30:00,158
12.11.2015 03:35:00,159
12.11.2015 03:40:00,150
12.11.2015 03:45:00,156
12.11.2015 03:50:00,150
12.11.2015 03:55:00,158
12.11.2015 04:00:00,151
12.11.2015 04:05:00,161
12.11.2015 04:10:00,152
12.11.2015 04:15:00,157
12.11.2015 04:20:00,149
12.11.2015 04:25:00,152
12.11.2015 04:30:00,161
12.11.2015 04:35:00,157
12.11.2015 04:40:00,152
12.11.2015 04:45:00,160
12.11.2015 04:50:00,170
12.11.2015 04:55:00,162
12.11.2015 05:00:00,151
12.11.2015 05:05:00,162
12.11.2015 05:10:00,152
12.11.2015 05:15:00,157
12.11.2015 05:20:00,150
12.11.2015 05:25:00,159
12.11.2015 05:30:00,163
12.11.2015 05:35:00,151
12.11.2015 05:40:00,150
12.11.2015 05:45:00,156
12.11.2015 05:50:00,150
12.11.2015 05:55:00,153
12.11.2015 06:00:00,150
12.11.2015 06:05:00,157
12.11.2015 06:10:00,152
12.11.2015 06:15:00,152
12.11.2015 06:20:00,152
12.11.2015 06:25:00,161
12.11.2015 06:30:00,159
12.11.2015 06:35:00,157
12.11.2015 06:40:00,151
12.11.2015 06:45:00,150
12.11.2015 06:50:00,149
12.11.2015 06:55:00,151
12.11.2015 07:00:00,154
12.11.2015 07:05:00,156
12.11.2015 07:10:00,152
12.11.2015 07:15:00,158
12.11.2015 07:20:00,150
12.11.2015 07:25:00,156
12.11.2015 07:30:00,157
12.11.2015 07:35:00,149
12.11.2015 07:40:00,151
12.11.2015 07:45:00,149
12.11.2015 07:50:00,171
12.11.2015 07:55:00,152
12.11.2015 08:00:00,154
12.11.2015 08:05:00,156
12.11.2015 08:10:00,151
12.11.2015 08:15:00,150
12.11.2015 08:20:00,149
12.11.2015 08:25:00,156
12.11.2015 08:30:00,161
12.11.2015 08:35:00,155
12.11.2015 08:40:00,149
12.11.2015 08:45:00,156
12.11.2015 08:50:00,152
12.11.2015 08:55:00,164
12.11.2015 09:00:00,155
12.11.2015 09:05:00,156
12.11.2015 09:10:00,183
12.11.2015 09:15:00,174
12.11.2015 09:20:00,156
12.11.2015 09:25:00,167
12.11.2015 09:30:00,162
12.11.2015 09:35:00,152
12.11.2015 09:40:00,152
12.11.2015 09:45:00,155
12.11.2015 09:50:00,150
12.11.2015 09:55:00,162
12.11.2015 10:00:00,153
12.11.2015 10:05:00,153
12.11.2015 10:10:00,169
12.11.2015 10:15:00,150
12.11.2015 10:20:00,148
12.11.2015 10:25:00,150
12.11.2015 10:30:00,158
12.11.2015 10:35:00,148
12.11.2015 10:40:00,150
12.11.2015 10:45:00,171
12.11.2015 10:50:00,146
12.11.2015 10:55:00,173
12.11.2015 11:00:00,165
12.11.2015 11:05:00,164
12.11.2015 11:10:00,152
12.11.2015 11:15:00,147
12.11.2015 11:20:00,147
12.11.2015 11:25:00,156
12.11.2015 11:30:00,159
12.11.2015 11:35:00,154
12.11.2015 11:40:00,151
12.11.2015 11:45:00,155
12.11.2015 11:50:00,151
12.11.2015 11:55:00,179
12.11.2015 12:00:00,186
12.11.2015 12:05:00,191
12.11.2015 12:10:00,151
12.11.2015 12:15:00,156
12.11.2015 12:20:00,162
12.11.2015 12:25:00,159
12.11.2015 12:30:00,190
12.11.2015 12:35:00,175
12.11.2015 12:40:00,176
12.11.2015 12:45:00,162
12.11.2015 12:50:00,149
12.11.2015 12:55:00,163
12.11.2015 13:00:00,153
12.11.2015 13:05:00,153
12.11.2015 13:10:00,149
12.11.2015 13:15:00,151
12.11.2015 13:20:00,149
12.11.2015 13:25:00,150
12.11.2015 13:30:00,161
12.11.2015 13:35:00,149
12.11.2015 13:40:00,149
12.11.2015 13:45:00,148
12.11.2015 13:50:00,162
12.11.2015 13:55:00,154
12.11.2015 14:00:00,179
12.11.2015 14:05:00,153
12.11.2015 14:10:00,151
12.11.2015 14:15:00,154
12.11.2015 14:20:00,169
12.11.2015 14:25:00,153
12.11.2015 14:30:00,161
12.11.2015 14:35:00,194
12.11.2015 14:40:00,149
12.11.2015 14:45:00,150
12.11.2015 14:50:00,149
12.11.2015 14:55:00,150
12.11.2015 15:00:00,170
12.11.2015 15:05:00,175
12.11.2015 15:10:00,158
12.11.2015 15:15:00,198
12.11.2015 15:20:00,159
12.11.2015 15:25:00,153
12.11.2015 15:30:00,176
12.11.2015 15:35:00,154
12.11.2015 15:40:00,162
12.11.2015 15:45:00,158
12.11.2015 15:50:00,151
12.11.2015 15:55:00,153
12.11.2015 16:00:00,148
12.11.2015 16:05:00,156
12.11.2015 16:10:00,150
12.11.2015 16:15:00,149
12.11.2015 16:20:00,148
12.11.2015 16:25:00,151
12.11.2015 16:30:00,159
12.11.2015 16:35:00,149
12.11.2015 16:40:00,150
12.11.2015 16:45:00,172
12.11.2015 16:50:00,171
12.11.2015 16:55:00,149
12.11.2015 17:00:00,170
12.11.2015 17:05:00,159
12.11.2015 17:10:00,160
12.11.2015 17:15:00,171
12.11.2015 17:20:00,186
12.11.2015 17:25:00,182
12.11.2015 17:30:00,162
12.11.2015 17:35:00,166
12.11.2015 17:40:00,150
12.11.2015 17:45:00,157
12.11.2015 17:50:00,155
12.11.2015 17:55:00,150
12.11.2015 18:00:00,148
12.11.2015 18:05:00,150
12.11.2015 18:10:00,151
12.11.2015 18:15:00,152
12.11.2015 18:20:00,149
12.11.2015 18:25:00,151
12.11.2015 18:30:00,159
12.11.2015 18:35:00,156
12.11.2015 18:40:00,150
12.11.2015 18:45:00,156
12.11.2015 18:50:00,148
12.11.2015 18:55:00,149
12.11.2015 19:00:00,149
12.11.2015 19:05:00,151
12.11.2015 19:10:00,151
12.11.2015 19:15:00,181
12.11.2015 19:20:00,177
12.11.2015 19:25:00,188
12.11.2015 19:30:00,181
12.11.2015 19:35:00,172
12.11.2015 19:40:00,163
12.11.2015 19:45:00,148
12.11.2015 19:50:00,151
12.11.2015 19:55:00,157
12.11.2015 20:00:00,149
12.11.2015 20:05:00,159
12.11.2015 20:10:00,150
12.11.2015 20:15:00,157
12.11.2015 20:20:00,148
12.11.2015 20:25:00,157
12.11.2015 20:30:00,158
12.11.2015 20:35:00,154
12.11.2015 20:40:00,149
12.11.2015 20:45:00,148
12.11.2015 20:50:00,150
12.11.2015 20:55:00,151
12.11.2015 21:00:00,190
12.11.2015 21:05:00,157
12.11.2015 21:10:00,148
12.11.2015 21:15:00,147
12.11.2015 21:20:00,147
12.11.2015 21:25:00,152
12.11.2015 21:30:00,156
12.11.2015 21:35:00,148
12.11.2015 21:40:00,147
12.11.2015 21:45:00,156
12.11.2015 21:50:00,146
12.11.2015 21:55:00,154
12.11.2015 22:00:00,149
12.11.2015 22:05:00,148
12.11.2015 22:10:00,151
12.11.2015 22:15:00,149
12.11.2015 22:20:00,147
12.11.2015 22:25:00,147
12.11.2015 22:30:00,157
12.11.2015 22:35:00,148
12.11.2015 22:40:00,166
12.11.2015 22:45:00,154
12.11.2015 22:50:00,146
12.11.2015 22:55:00,156
12.11.2015 23:00:00,146
12.11.2015 23:05:00,148
12.11.2015 23:10:00,166
12.11.2015 23:15:00,153
12.11.2015 23:20:00,147
12.11.2015 23:25:00,159
12.11.2015 23:30:00,155
12.11.2015 23:35:00,153
12.11.2015 23:40:00,147
12.11.2015 23:45:00,157
12.11.2015 23:50:00,145
12.11.2015 23:55:00,147
13.11.2015 00:00:00,147
13.11.2015 00:05:00,147
13.11.2015 00:10:00,432
13.11.2015 00:15:00,424
13.11.2015 00:20:00,448
13.11.2015 00:25:00,412
13.11.2015 00:30:00,160
13.11.2015 00:35:00,156
13.11.2015 00:40:00,145
13.11.2015 00:45:00,145
13.11.2015 00:50:00,144
13.11.2015 00:55:00,157
13.11.2015 01:00:00,152
13.11.2015 01:05:00,161
13.11.2015 01:10:00,149
13.11.2015 01:15:00,146
13.11.2015 01:20:00,146
13.11.2015 01:25:00,147
13.11.2015 01:30:00,154
13.11.2015 01:35:00,143
13.11.2015 01:40:00,144
13.11.2015 01:45:00,152
13.11.2015 01:50:00,142
13.11.2015 01:55:00,147
13.11.2015 02:00:00,148
13.11.2015 02:05:00,154
13.11.2015 02:10:00,147
13.11.2015 02:15:00,153
13.11.2015 02:20:00,138
13.11.2015 02:25:00,142
13.11.2015 02:30:00,148
13.11.2015 02:35:00,137
13.11.2015 02:40:00,142
13.11.2015 02:45:00,146
13.11.2015 02:50:00,139
13.11.2015 02:55:00,141
13.11.2015 03:00:00,140
13.11.2015 03:05:00,148
13.11.2015 03:10:00,144
13.11.2015 03:15:00,149
13.11.2015 03:20:00,138
13.11.2015 03:25:00,151
13.11.2015 03:30:00,149
13.11.2015 03:35:00,141
13.11.2015 03:40:00,136
13.11.2015 03:45:00,136
13.11.2015 03:50:00,137
13.11.2015 03:55:00,141
13.11.2015 04:00:00,151
13.11.2015 04:05:00,173
13.11.2015 04:10:00,175
13.11.2015 04:15:00,180
13.11.2015 04:20:00,139
13.11.2015 04:25:00,142
13.11.2015 04:30:00,148
13.11.2015 04:35:00,138
13.11.2015 04:40:00,140
13.11.2015 04:45:00,140
13.11.2015 04:50:00,138
13.11.2015 04:55:00,143
13.11.2015 05:00:00,140
13.11.2015 05:05:00,143
13.11.2015 05:10:00,141
13.11.2015 05:15:00,142
13.11.2015 05:20:00,138
13.11.2015 05:25:00,143
13.11.2015 05:30:00,146
13.11.2015 05:35:00,141
13.11.2015 05:40:00,137
13.11.2015 05:45:00,144
13.11.2015 05:50:00,136
13.11.2015 05:55:00,140
13.11.2015 06:00:00,138
13.11.2015 06:05:00,139
13.11.2015 06:10:00,141
13.11.2015 06:15:00,144
13.11.2015 06:20:00,138
13.11.2015 06:25:00,146
13.11.2015 06:30:00,145
13.11.2015 06:35:00,137
13.11.2015 06:40:00,141
13.11.2015 06:45:00,146
13.11.2015 06:50:00,140
13.11.2015 06:55:00,151
13.11.2015 07:00:00,137
13.11.2015 07:05:00,142
13.11.2015 07:10:00,131
13.11.2015 07:15:00,160
13.11.2015 07:20:00,137
13.11.2015 07:25:00,164
13.11.2015 07:30:00,152
13.11.2015 07:35:00,147
13.11.2015 07:40:00,143
13.11.2015 07:45:00,136
13.11.2015 07:50:00,145
13.11.2015 07:55:00,145
13.11.2015 08:00:00,153
13.11.2015 08:05:00,160
13.11.2015 08:10:00,161
13.11.2015 08:15:00,151
13.11.2015 08:20:00,147
13.11.2015 08:25:00,152
13.11.2015 08:30:00,162
13.11.2015 08:35:00,171
13.11.2015 08:40:00,183
13.11.2015 08:45:00,150
13.11.2015 08:50:00,176
13.11.2015 08:55:00,159
13.11.2015 09:00:00,158
13.11.2015 09:05:00,195
13.11.2015 09:10:00,171
13.11.2015 09:15:00,149
13.11.2015 09:20:00,160
13.11.2015 09:25:00,169
13.11.2015 09:30:00,165
13.11.2015 09:35:00,183
13.11.2015 09:40:00,151
13.11.2015 09:45:00,148
13.11.2015 09:50:00,147
13.11.2015 09:55:00,167
13.11.2015 10:00:00,150
13.11.2015 10:05:00,162
13.11.2015 10:10:00,177
13.11.2015 10:15:00,158
13.11.2015 10:20:00,153
13.11.2015 10:25:00,151
13.11.2015 10:30:00,159
13.11.2015 10:35:00,149
13.11.2015 10:40:00,150
13.11.2015 10:45:00,157
13.11.2015 10:50:00,150
13.11.2015 10:55:00,149
13.11.2015 11:00:00,145
13.11.2015 11:05:00,144
13.11.2015 11:10:00,149
13.11.2015 11:15:00,157
13.11.2015 11:20:00,151
13.11.2015 11:25:00,171
13.11.2015 11:30:00,168
13.11.2015 11:35:00,155
13.11.2015 11:40:00,148
13.11.2015 11:45:00,147
13.11.2015 11:50:00,151
13.11.2015 11:55:00,185
13.11.2015 12:00:00,154
13.11.2015 12:05:00,159
13.11.2015 12:10:00,161
13.11.2015 12:15:00,175
13.11.2015 12:20:00,151
13.11.2015 12:25:00,154
13.11.2015 12:30:00,162
13.11.2015 12:35:00,157
13.11.2015 12:40:00,153
13.11.2015 12:45:00,153
13.11.2015 12:50:00,152
13.11.2015 12:55:00,152
13.11.2015 13:00:00,154
13.11.2015 13:05:00,163
13.11.2015 13:10:00,156
13.11.2015 13:15:00,154
13.11.2015 13:20:00,171
13.11.2015 13:25:00,175
13.11.2015 13:30:00,174
13.11.2015 13:35:00,166
13.11.2015 13:40:00,184
13.11.2015 13:45:00,158
13.11.2015 13:50:00,192
13.11.2015 13:55:00,253
13.11.2015 14:00:00,199
13.11.2015 14:05:00,157
13.11.2015 14:10:00,153
13.11.2015 14:15:00,160
13.11.2015 14:20:00,152
13.11.2015 14:25:00,153
13.11.2015 14:30:00,163
13.11.2015 14:35:00,153
13.11.2015 14:40:00,153
13.11.2015 14:45:00,151
13.11.2015 14:50:00,176
13.11.2015 14:55:00,172
13.11.2015 15:00:00,172
13.11.2015 15:05:00,159
13.11.2015 15:10:00,168
13.11.2015 15:15:00,161
13.11.2015 15:20:00,248
13.11.2015 15:25:00,153
13.11.2015 15:30:00,162
13.11.2015 15:35:00,159
13.11.2015 15:40:00,153
13.11.2015 15:45:00,158
13.11.2015 15:50:00,153
13.11.2015 15:55:00,162
13.11.2015 16:00:00,172
13.11.2015 16:05:00,170
13.11.2015 16:10:00,174
13.11.2015 16:15:00,167
13.11.2015 16:20:00,175
13.11.2015 16:25:00,201
13.11.2015 16:30:00,222
13.11.2015 16:35:00,234
13.11.2015 16:40:00,152
13.11.2015 16:45:00,164
13.11.2015 16:50:00,157
13.11.2015 16:55:00,159
13.11.2015 17:00:00,152
13.11.2015 17:05:00,155
13.11.2015 17:10:00,153
13.11.2015 17:15:00,155
13.11.2015 17:20:00,153
13.11.2015 17:25:00,152
13.11.2015 17:30:00,161
13.11.2015 17:35:00,159
13.11.2015 17:40:00,152
13.11.2015 17:45:00,160
13.11.2015 17:50:00,189
13.11.2015 17:55:00,189
13.11.2015 18:00:00,165
13.11.2015 18:05:00,151
13.11.2015 18:10:00,153
13.11.2015 18:15:00,163
13.11.2015 18:20:00,192
13.11.2015 18:25:00,206
13.11.2015 18:30:00,188
13.11.2015 18:35:00,165
13.11.2015 18:40:00,168
13.11.2015 18:45:00,169
13.11.2015 18:50:00,163
13.11.2015 18:55:00,161
13.11.2015 19:00:00,152
13.11.2015 19:05:00,152
13.11.2015 19:10:00,152
13.11.2015 19:15:00,160
13.11.2015 19:20:00,153
13.11.2015 19:25:00,173
13.11.2015 19:30:00,182
13.11.2015 19:35:00,182
13.11.2015 19:40:00,153
13.11.2015 19:45:00,175
13.11.2015 19:50:00,173
13.11.2015 19:55:00,189
13.11.2015 20:00:00,186
13.11.2015 20:05:00,166
13.11.2015 20:10:00,161
13.11.2015 20:15:00,157
13.11.2015 20:20:00,153
13.11.2015 20:25:00,159
13.11.2015 20:30:00,164
13.11.2015 20:35:00,152
13.11.2015 20:40:00,151
13.11.2015 20:45:00,152
13.11.2015 20:50:00,153
13.11.2015 20:55:00,154
13.11.2015 21:00:00,152
13.11.2015 21:05:00,157
13.11.2015 21:10:00,154
13.11.2015 21:15:00,152
13.11.2015 21:20:00,152
13.11.2015 21:25:00,161
13.11.2015 21:30:00,162
13.11.2015 21:35:00,158
13.11.2015 21:40:00,151
13.11.2015 21:45:00,152
13.11.2015 21:50:00,151
13.11.2015 21:55:00,150
13.11.2015 22:00:00,158
13.11.2015 22:05:00,159
13.11.2015 22:10:00,170
13.11.2015 22:15:00,158
13.11.2015 22:20:00,152
13.11.2015 22:25:00,155
13.11.2015 22:30:00,163
13.11.2015 22:35:00,151
13.11.2015 22:40:00,152
13.11.2015 22:45:00,158
13.11.2015 22:50:00,150
13.11.2015 22:55:00,160
13.11.2015 23:00:00,151
13.11.2015 23:05:00,159
13.11.2015 23:10:00,154
13.11.2015 23:15:00,160
13.11.2015 23:20:00,152
13.11.2015 23:25:00,163
13.11.2015 23:30:00,163
13.11.2015 23:35:00,158
13.11.2015 23:40:00,154
13.11.2015 23:45:00,159
13.11.2015 23:50:00,160
13.11.2015 23:55:00,161
14.11.2015 00:00:00,151
14.11.2015 00:05:00,159
14.11.2015 00:10:00,155
14.11.2015 00:15:00,165
14.11.2015 00:20:00,152
14.11.2015 00:25:00,159
14.11.2015 00:30:00,159
14.11.2015 00:35:00,149
14.11.2015 00:40:00,150
14.11.2015 00:45:00,147
14.11.2015 00:50:00,149
14.11.2015 00:55:00,157
14.11.2015 01:00:00,151
14.11.2015 01:05:00,159
14.11.2015 01:10:00,154
14.11.2015 01:15:00,152
14.11.2015 01:20:00,152
14.11.2015 01:25:00,144
14.11.2015 01:30:00,145
14.11.2015 01:35:00,138
14.11.2015 01:40:00,153
14.11.2015 01:45:00,159
14.11.2015 01:50:00,152
14.11.2015 01:55:00,159
14.11.2015 02:00:00,152
14.11.2015 02:05:00,158
14.11.2015 02:10:00,153
14.11.2015 02:15:00,152
14.11.2015 02:20:00,152
14.11.2015 02:25:00,159
14.11.2015 02:30:00,161
14.11.2015 02:35:00,151
14.11.2015 02:40:00,155
14.11.2015 02:45:00,159
14.11.2015 02:50:00,152
14.11.2015 02:55:00,158
14.11.2015 03:00:00,151
14.11.2015 03:05:00,157
14.11.2015 03:10:00,153
14.11.2015 03:15:00,159
14.11.2015 03:20:00,154
14.11.2015 03:25:00,154
14.11.2015 03:30:00,160
14.11.2015 03:35:00,151
14.11.2015 03:40:00,152
14.11.2015 03:45:00,158
14.11.2015 03:50:00,152
14.11.2015 03:55:00,159
14.11.2015 04:00:00,151
14.11.2015 04:05:00,164
14.11.2015 04:10:00,147
14.11.2015 04:15:00,151
14.11.2015 04:20:00,151
14.11.2015 04:25:00,159
14.11.2015 04:30:00,160
14.11.2015 04:35:00,151
14.11.2015 04:40:00,159
14.11.2015 04:45:00,168
14.11.2015 04:50:00,152
14.11.2015 04:55:00,153
14.11.2015 05:00:00,154
14.11.2015 05:05:00,160
14.11.2015 05:10:00,149
14.11.2015 05:15:00,153
14.11.2015 05:20:00,153
14.11.2015 05:25:00,159
14.11.2015 05:30:00,162
14.11.2015 05:35:00,158
14.11.2015 05:40:00,153
14.11.2015 05:45:00,154
14.11.2015 05:50:00,170
14.11.2015 05:55:00,175
14.11.2015 06:00:00,152
14.11.2015 06:05:00,152
14.11.2015 06:10:00,154
14.11.2015 06:15:00,162
14.11.2015 06:20:00,151
14.11.2015 06:25:00,158
14.11.2015 06:30:00,162
14.11.2015 06:35:00,154
14.11.2015 06:40:00,153
14.11.2015 06:45:00,159
14.11.2015 06:50:00,152
14.11.2015 06:55:00,153
14.11.2015 07:00:00,151
14.11.2015 07:05:00,158
14.11.2015 07:10:00,153
14.11.2015 07:15:00,160
14.11.2015 07:20:00,154
14.11.2015 07:25:00,159
14.11.2015 07:30:00,160
14.11.2015 07:35:00,158
14.11.2015 07:40:00,154
14.11.2015 07:45:00,153
14.11.2015 07:50:00,153
14.11.2015 07:55:00,159
14.11.2015 08:00:00,156
14.11.2015 08:05:00,167
14.11.2015 08:10:00,167
14.11.2015 08:15:00,174
14.11.2015 08:20:00,156
14.11.2015 08:25:00,152
14.11.2015 08:30:00,161
14.11.2015 08:35:00,162
14.11.2015 08:40:00,152
14.11.2015 08:45:00,158
14.11.2015 08:50:00,156
14.11.2015 08:55:00,160
14.11.2015 09:00:00,162
14.11.2015 09:05:00,158
14.11.2015 09:10:00,153
14.11.2015 09:15:00,161
14.11.2015 09:20:00,151
14.11.2015 09:25:00,158
14.11.2015 09:30:00,159
14.11.2015 09:35:00,158
14.11.2015 09:40:00,177
14.11.2015 09:45:00,161
14.11.2015 09:50:00,154
14.11.2015 09:55:00,159
14.11.2015 10:00:00,151
14.11.2015 10:05:00,153
14.11.2015 10:10:00,162
14.11.2015 10:15:00,156
14.11.2015 10:20:00,159
14.11.2015 10:25:00,161
14.11.2015 10:30:00,167
14.11.2015 10:35:00,166
14.11.2015 10:40:00,170
14.11.2015 10:45:00,178
14.11.2015 10:50:00,161
14.11.2015 10:55:00,160
14.11.2015 11:00:00,152
14.11.2015 11:05:00,157
14.11.2015 11:10:00,155
14.11.2015 11:15:00,151
14.11.2015 11:20:00,153
14.11.2015 11:25:00,161
14.11.2015 11:30:00,164
14.11.2015 11:35:00,153
14.11.2015 11:40:00,155
14.11.2015 11:45:00,159
14.11.2015 11:50:00,157
14.11.2015 11:55:00,160
14.11.2015 12:00:00,151
14.11.2015 12:05:00,149
14.11.2015 12:10:00,153
14.11.2015 12:15:00,160
14.11.2015 12:20:00,155
14.11.2015 12:25:00,152
14.11.2015 12:30:00,162
14.11.2015 12:35:00,155
14.11.2015 12:40:00,152
14.11.2015 12:45:00,159
14.11.2015 12:50:00,151
14.11.2015 12:55:00,153
14.11.2015 13:00:00,152
14.11.2015 13:05:00,151
14.11.2015 13:10:00,152
14.11.2015 13:15:00,152
14.11.2015 13:20:00,151
14.11.2015 13:25:00,153
14.11.2015 13:30:00,160
14.11.2015 13:35:00,159
14.11.2015 13:40:00,155
14.11.2015 13:45:00,153
14.11.2015 13:50:00,150
14.11.2015 13:55:00,155
14.11.2015 14:00:00,160
14.11.2015 14:05:00,153
14.11.2015 14:10:00,154
14.11.2015 14:15:00,154
14.11.2015 14:20:00,156
14.11.2015 14:25:00,160
14.11.2015 14:30:00,162
14.11.2015 14:35:00,177
14.11.2015 14:40:00,179
14.11.2015 14:45:00,160
14.11.2015 14:50:00,152
14.11.2015 14:55:00,154
14.11.2015 15:00:00,155
14.11.2015 15:05:00,179
14.11.2015 15:10:00,175
14.11.2015 15:15:00,159
14.11.2015 15:20:00,153
14.11.2015 15:25:00,156
14.11.2015 15:30:00,162
14.11.2015 15:35:00,163
14.11.2015 15:40:00,156
14.11.2015 15:45:00,153
14.11.2015 15:50:00,160
14.11.2015 15:55:00,153
14.11.2015 16:00:00,155
14.11.2015 16:05:00,158
14.11.2015 16:10:00,153
14.11.2015 16:15:00,153
14.11.2015 16:20:00,154
14.11.2015 16:25:00,201
14.11.2015 16:30:00,166
14.11.2015 16:35:00,160
14.11.2015 16:40:00,154
14.11.2015 16:45:00,155
14.11.2015 16:50:00,152
14.11.2015 16:55:00,160
14.11.2015 17:00:00,154
14.11.2015 17:05:00,151
14.11.2015 17:10:00,157
14.11.2015 17:15:00,157
14.11.2015 17:20:00,153
14.11.2015 17:25:00,161
14.11.2015 17:30:00,162
14.11.2015 17:35:00,156
14.11.2015 17:40:00,153
14.11.2015 17:45:00,152
14.11.2015 17:50:00,150
14.11.2015 17:55:00,159
14.11.2015 18:00:00,152
14.11.2015 18:05:00,151
14.11.2015 18:10:00,153
14.11.2015 18:15:00,154
14.11.2015 18:20:00,153
14.11.2015 18:25:00,154
14.11.2015 18:30:00,161
14.11.2015 18:35:00,150
14.11.2015 18:40:00,152
14.11.2015 18:45:00,160
14.11.2015 18:50:00,150
14.11.2015 18:55:00,159
14.11.2015 19:00:00,149
14.11.2015 19:05:00,158
14.11.2015 19:10:00,154
14.11.2015 19:15:00,159
14.11.2015 19:20:00,151
14.11.2015 19:25:00,160
14.11.2015 19:30:00,158
14.11.2015 19:35:00,150
14.11.2015 19:40:00,151
14.11.2015 19:45:00,151
14.11.2015 19:50:00,152
14.11.2015 19:55:00,155
14.11.2015 20:00:00,180
14.11.2015 20:05:00,191
14.11.2015 20:10:00,169
14.11.2015 20:15:00,159
14.11.2015 20:20:00,153
14.11.2015 20:25:00,161
14.11.2015 20:30:00,164
14.11.2015 20:35:00,159
14.11.2015 20:40:00,151
14.11.2015 20:45:00,153
14.11.2015 20:50:00,152
14.11.2015 20:55:00,152
14.11.2015 21:00:00,152
14.11.2015 21:05:00,152
14.11.2015 21:10:00,152
14.11.2015 21:15:00,158
14.11.2015 21:20:00,152
14.11.2015 21:25:00,153
14.11.2015 21:30:00,160
14.11.2015 21:35:00,157
14.11.2015 21:40:00,151
14.11.2015 21:45:00,157
14.11.2015 21:50:00,151
14.11.2015 21:55:00,158
14.11.2015 22:00:00,152
14.11.2015 22:05:00,151
14.11.2015 22:10:00,152
14.11.2015 22:15:00,152
14.11.2015 22:20:00,152
14.11.2015 22:25:00,153
14.11.2015 22:30:00,161
14.11.2015 22:35:00,152
14.11.2015 22:40:00,151
14.11.2015 22:45:00,152
14.11.2015 22:50:00,152
14.11.2015 22:55:00,162
14.11.2015 23:00:00,152
14.11.2015 23:05:00,162
14.11.2015 23:10:00,154
14.11.2015 23:15:00,152
14.11.2015 23:20:00,152
14.11.2015 23:25:00,159
14.11.2015 23:30:00,162
14.11.2015 23:35:00,151
14.11.2015 23:40:00,153
14.11.2015 23:45:00,152
14.11.2015 23:50:00,153
14.11.2015 23:55:00,162
15.11.2015 00:00:00,152
15.11.2015 00:05:00,145
15.11.2015 00:10:00,146
15.11.2015 00:15:00,152
15.11.2015 00:20:00,148
15.11.2015 00:25:00,159
15.11.2015 00:30:00,159
15.11.2015 00:35:00,149
15.11.2015 00:40:00,148
15.11.2015 00:45:00,152
15.11.2015 00:50:00,153
15.11.2015 00:55:00,161
15.11.2015 01:00:00,163
15.11.2015 01:05:00,156
15.11.2015 01:10:00,150
15.11.2015 01:15:00,146
15.11.2015 01:20:00,145
15.11.2015 01:25:00,147
15.11.2015 01:30:00,156
15.11.2015 01:35:00,155
15.11.2015 01:40:00,152
15.11.2015 01:45:00,152
15.11.2015 01:50:00,151
15.11.2015 01:55:00,152
15.11.2015 02:00:00,152
15.11.2015 02:05:00,160
15.11.2015 02:10:00,154
15.11.2015 02:15:00,152
15.11.2015 02:20:00,153
15.11.2015 02:25:00,160
15.11.2015 02:30:00,161
15.11.2015 02:35:00,158
15.11.2015 02:40:00,153
15.11.2015 02:45:00,157
15.11.2015 02:50:00,154
15.11.2015 02:55:00,153
15.11.2015 03:00:00,152
15.11.2015 03:05:00,152
15.11.2015 03:10:00,152
15.11.2015 03:15:00,155
15.11.2015 03:20:00,153
15.11.2015 03:25:00,176
15.11.2015 03:30:00,188
15.11.2015 03:35:00,146
15.11.2015 03:40:00,152
15.11.2015 03:45:00,158
15.11.2015 03:50:00,151
15.11.2015 03:55:00,156
15.11.2015 04:00:00,154
15.11.2015 04:05:00,163
15.11.2015 04:10:00,146
15.11.2015 04:15:00,152
15.11.2015 04:20:00,152
15.11.2015 04:25:00,706
15.11.2015 04:30:00,161
15.11.2015 04:35:00,152
15.11.2015 04:40:00,153
15.11.2015 04:45:00,153
15.11.2015 04:50:00,152
15.11.2015 04:55:00,160
15.11.2015 05:00:00,155
15.11.2015 05:05:00,162
15.11.2015 05:10:00,154
15.11.2015 05:15:00,155
15.11.2015 05:20:00,157
15.11.2015 05:25:00,156
15.11.2015 05:30:00,161
15.11.2015 05:35:00,159
15.11.2015 05:40:00,153
15.11.2015 05:45:00,159
15.11.2015 05:50:00,152
15.11.2015 05:55:00,159
15.11.2015 06:00:00,153
15.11.2015 06:05:00,153
15.11.2015 06:10:00,152
15.11.2015 06:15:00,160
15.11.2015 06:20:00,156
15.11.2015 06:25:00,159
15.11.2015 06:30:00,161
15.11.2015 06:35:00,149
15.11.2015 06:40:00,152
15.11.2015 06:45:00,158
15.11.2015 06:50:00,153
15.11.2015 06:55:00,161
15.11.2015 07:00:00,153
15.11.2015 07:05:00,160
15.11.2015 07:10:00,154
15.11.2015 07:15:00,153
15.11.2015 07:20:00,153
15.11.2015 07:25:00,161
15.11.2015 07:30:00,164
15.11.2015 07:35:00,152
15.11.2015 07:40:00,153
15.11.2015 07:45:00,152
15.11.2015 07:50:00,153
15.11.2015 07:55:00,160
15.11.2015 08:00:00,152
15.11.2015 08:05:00,153
15.11.2015 08:10:00,153
15.11.2015 08:15:00,158
15.11.2015 08:20:00,153
15.11.2015 08:25:00,160
15.11.2015 08:30:00,160
15.11.2015 08:35:00,160
15.11.2015 08:40:00,154
15.11.2015 08:45:00,163
15.11.2015 08:50:00,156
15.11.2015 08:55:00,154
15.11.2015 09:00:00,152
15.11.2015 09:05:00,159
15.11.2015 09:10:00,151
15.11.2015 09:15:00,150
15.11.2015 09:20:00,152
15.11.2015 09:25:00,153
15.11.2015 09:30:00,159
15.11.2015 09:35:00,157
15.11.2015 09:40:00,152
15.11.2015 09:45:00,153
15.11.2015 09:50:00,152
15.11.2015 09:55:00,154
15.11.2015 10:00:00,154
15.11.2015 10:05:00,152
15.11.2015 10:10:00,153
15.11.2015 10:15:00,150
15.11.2015 10:20:00,153
15.11.2015 10:25:00,154
15.11.2015 10:30:00,164
15.11.2015 10:35:00,151
15.11.2015 10:40:00,151
15.11.2015 10:45:00,151
15.11.2015 10:50:00,154
15.11.2015 10:55:00,161
15.11.2015 11:00:00,152
15.11.2015 11:05:00,159
15.11.2015 11:10:00,153
15.11.2015 11:15:00,152
15.11.2015 11:20:00,152
15.11.2015 11:25:00,153
15.11.2015 11:30:00,163
15.11.2015 11:35:00,152
15.11.2015 11:40:00,154
15.11.2015 11:45:00,173
15.11.2015 11:50:00,187
15.11.2015 11:55:00,161
15.11.2015 12:00:00,152
15.11.2015 12:05:00,151
15.11.2015 12:10:00,153
15.11.2015 12:15:00,158
15.11.2015 12:20:00,153
15.11.2015 12:25:00,152
15.11.2015 12:30:00,160
15.11.2015 12:35:00,151
15.11.2015 12:40:00,151
15.11.2015 12:45:00,164
15.11.2015 12:50:00,156
15.11.2015 12:55:00,155
15.11.2015 13:00:00,155
15.11.2015 13:05:00,161
15.11.2015 13:10:00,154
15.11.2015 13:15:00,162
15.11.2015 13:20:00,154
15.11.2015 13:25:00,160
15.11.2015 13:30:00,159
15.11.2015 13:35:00,161
15.11.2015 13:40:00,155
15.11.2015 13:45:00,162
15.11.2015 13:50:00,156
15.11.2015 13:55:00,153
15.11.2015 14:00:00,151
15.11.2015 14:05:00,152
15.11.2015 14:10:00,156
15.11.2015 14:15:00,160
15.11.2015 14:20:00,152
15.11.2015 14:25:00,164
15.11.2015 14:30:00,179
15.11.2015 14:35:00,172
15.11.2015 14:40:00,154
15.11.2015 14:45:00,152
15.11.2015 14:50:00,154
15.11.2015 14:55:00,152
15.11.2015 15:00:00,152
15.11.2015 15:05:00,159
15.11.2015 15:10:00,155
15.11.2015 15:15:00,159
15.11.2015 15:20:00,152
15.11.2015 15:25:00,152
15.11.2015 15:30:00,164
15.11.2015 15:35:00,150
15.11.2015 15:40:00,152
15.11.2015 15:45:00,159
15.11.2015 15:50:00,152
15.11.2015 15:55:00,154
15.11.2015 16:00:00,153
15.11.2015 16:05:00,158
15.11.2015 16:10:00,152
15.11.2015 16:15:00,152
15.11.2015 16:20:00,152
15.11.2015 16:25:00,160
15.11.2015 16:30:00,160
15.11.2015 16:35:00,158
15.11.2015 16:40:00,152
15.11.2015 16:45:00,152
15.11.2015 16:50:00,152
15.11.2015 16:55:00,153
15.11.2015 17:00:00,151
15.11.2015 17:05:00,148
15.11.2015 17:10:00,153
15.11.2015 17:15:00,157
15.11.2015 17:20:00,153
15.11.2015 17:25:00,159
15.11.2015 17:30:00,159
15.11.2015 17:35:00,151
15.11.2015 17:40:00,152
15.11.2015 17:45:00,150
15.11.2015 17:50:00,150
15.11.2015 17:55:00,153
15.11.2015 18:00:00,150
15.11.2015 18:05:00,162
15.11.2015 18:10:00,153
15.11.2015 18:15:00,158
15.11.2015 18:20:00,152
15.11.2015 18:25:00,154
15.11.2015 18:30:00,175
15.11.2015 18:35:00,199
15.11.2015 18:40:00,154
15.11.2015 18:45:00,149
15.11.2015 18:50:00,152
15.11.2015 18:55:00,173
15.11.2015 19:00:00,151
15.11.2015 19:05:00,189
15.11.2015 19:10:00,167
15.11.2015 19:15:00,179
15.11.2015 19:20:00,152
15.11.2015 19:25:00,157
15.11.2015 19:30:00,162
15.11.2015 19:35:00,151
15.11.2015 19:40:00,151
15.11.2015 19:45:00,152
15.11.2015 19:50:00,152
15.11.2015 19:55:00,153
15.11.2015 20:00:00,152
15.11.2015 20:05:00,166
15.11.2015 20:10:00,152
15.11.2015 20:15:00,162
15.11.2015 20:20:00,153
15.11.2015 20:25:00,153
15.11.2015 20:30:00,167
15.11.2015 20:35:00,160
15.11.2015 20:40:00,156
15.11.2015 20:45:00,159
15.11.2015 20:50:00,153
15.11.2015 20:55:00,162
15.11.2015 21:00:00,154
15.11.2015 21:05:00,152
15.11.2015 21:10:00,154
15.11.2015 21:15:00,152
15.11.2015 21:20:00,153
15.11.2015 21:25:00,159
15.11.2015 21:30:00,161
15.11.2015 21:35:00,151
15.11.2015 21:40:00,153
15.11.2015 21:45:00,161
15.11.2015 21:50:00,152
15.11.2015 21:55:00,159
15.11.2015 22:00:00,152
15.11.2015 22:05:00,154
15.11.2015 22:10:00,155
15.11.2015 22:15:00,159
15.11.2015 22:20:00,152
15.11.2015 22:25:00,154
15.11.2015 22:30:00,176
15.11.2015 22:35:00,169
15.11.2015 22:40:00,154
15.11.2015 22:45:00,152
15.11.2015 22:50:00,153
15.11.2015 22:55:00,153
15.11.2015 23:00:00,152
15.11.2015 23:05:00,159
15.11.2015 23:10:00,153
15.11.2015 23:15:00,153
15.11.2015 23:20:00,194
15.11.2015 23:25:00,176
15.11.2015 23:30:00,165
15.11.2015 23:35:00,153
15.11.2015 23:40:00,153
15.11.2015 23:45:00,161
15.11.2015 23:50:00,153
15.11.2015 23:55:00,154
